Compound,Date,Media Source,Negative,Neutral,Positive,Tweet,Tweets Ago
0.784,Thu Mar 29 08:00:12 +0000 2018,BBC,0.655,0.0,0.345,üê∂‚ù§Ô∏è Biscuit the robotic pup is helping the elderly cope with conditions like dementia. What a good boy! https://t.co/5vpg6KS031,1
0.0,Thu Mar 29 07:27:07 +0000 2018,BBC,1.0,0.0,0.0,üëÄüå∏ The world famous cherry blossoms of Japan bring hundreds of thousands of visitors to see them and this year they‚Ä¶ https://t.co/kGMsyZnWzi,2
0.0,Thu Mar 29 07:00:10 +0000 2018,BBC,1.0,0.0,0.0,"What do you get if you cross a polar bear and a grizzly? 

üêªüòç‚Ä¶ A pizzly! 
#DavidAttenboroughsNaturalCuriosities https://t.co/FwqiMiTd2m",3
0.0,Wed Mar 28 18:00:05 +0000 2018,BBC,1.0,0.0,0.0,üáÆüá™ This 800-year-old hotel in Ireland is simply incredible.  #AmazingHotels https://t.co/OAKKCsexPW,4
0.296,Wed Mar 28 17:00:12 +0000 2018,BBC,0.891,0.0,0.109,"üìö 'Words do not live in dictionaries. They live in the mind.'

Hear the only surviving recording of #VirginiaWoolf,‚Ä¶ https://t.co/Puwg8Mve7N",5
-0.8225,Wed Mar 28 16:30:00 +0000 2018,BBC,0.688,0.312,0.0,The government rates the global outbreak of a deadly flu virus as a major threat to the UK. But how are flu vaccine‚Ä¶ https://t.co/wzMylfDBrP,6
0.0,Wed Mar 28 16:00:10 +0000 2018,BBC,1.0,0.0,0.0,Slacking off in Dubai. https://t.co/a3oSKIxfSK,7
0.7506,Wed Mar 28 15:35:27 +0000 2018,BBC,0.72,0.0,0.28,RT @BBCTheOneShow: The fantastic @george_ezra warming up with a quick cuppa after sound check. Join us at 7pm where he‚Äôll be performing liv‚Ä¶,8
0.0,Wed Mar 28 13:32:04 +0000 2018,BBC,1.0,0.0,0.0,"Two-thirds of drivers say they are ""regularly dazzled"" by oncoming headlights. üöò https://t.co/gwSgpsP6xx https://t.co/i9m9ph8QM1",9
-0.3182,Wed Mar 28 12:26:01 +0000 2018,BBC,0.887,0.113,0.0,"The Masked Plumber is back. 
And this time, he wants to show you how to unblock a sink trap. https://t.co/t1NIgRpZnO",10
0.0,Wed Mar 28 11:50:54 +0000 2018,BBC,1.0,0.0,0.0,RT @bbceurovision: We are starting a #Eurovision 2018 group chat. The tea from when @surieofficial met @saaraaalto üëâ https://t.co/c3PuiYT6S‚Ä¶,11
0.0,Wed Mar 28 11:49:07 +0000 2018,BBC,1.0,0.0,0.0,"RT @BBCR1: ""Last night I did have a very, very large bra, and it was very, very sweaty.""

@JaredLeto lets @Grimmers know about what gets th‚Ä¶",12
0.0,Wed Mar 28 11:47:35 +0000 2018,BBC,1.0,0.0,0.0,"RT @BBCRadio4: Listen to the first three episodes of The Hitchhiker's Guide to the Galaxy: Hexagonal Phase now.

https://t.co/GdvQZf3ijv

#‚Ä¶",13
-0.34,Wed Mar 28 11:47:08 +0000 2018,BBC,0.902,0.098,0.0,"RT @bbcworldservice: Do you say fireman or firefighter? The woman in charge of the London Fire Brigade, Dany Cotton, says 'fireman' is sexi‚Ä¶",14
0.0,Wed Mar 28 11:45:32 +0000 2018,BBC,1.0,0.0,0.0,RT @BBCBreakfast: Take a look at this if you're wondering WHO PAYS for running the new plastic bottle and can deposit scheme: https://t.co/‚Ä¶,15
0.0,Wed Mar 28 11:42:34 +0000 2018,BBC,1.0,0.0,0.0,RT @BBCNewsround: Some advice from children on what NOT to say to people with an #invisiblecondition https://t.co/mGUj3TWB2J #Dynamo https:‚Ä¶,16
0.3182,Wed Mar 28 11:30:09 +0000 2018,BBC,0.837,0.056,0.108,‚ôªÔ∏èüëõ People in England will soon have to pay a deposit when they buy drinks bottles and cans in a bid to boost recyc‚Ä¶ https://t.co/qyKBqES5b3,17
0.0,Wed Mar 28 11:04:03 +0000 2018,BBC,1.0,0.0,0.0,"üò≤ Scientists in Australia have discovered the remains of a mummy in a 2,500-year-old coffin that was previously cla‚Ä¶ https://t.co/2S4q2mDImu",18
0.0,Wed Mar 28 10:53:47 +0000 2018,BBC,1.0,0.0,0.0,"RT @bbcthree: In our latest doc, we investigate allegations that R Kelly has been training a 14-year-old girl to be one his sex ""pets"" http‚Ä¶",19
-0.3612,Wed Mar 28 10:33:03 +0000 2018,BBC,0.865,0.135,0.0,Tickling sticks have been placed on statues in Liverpool ahead of Sir Ken Dodd's funeral. https://t.co/pPGGg07ZQi https://t.co/LSwzv5Qipw,20
0.784,Thu Mar 29 08:00:12 +0000 2018,BBC,0.655,0.0,0.345,üê∂‚ù§Ô∏è Biscuit the robotic pup is helping the elderly cope with conditions like dementia. What a good boy! https://t.co/5vpg6KS031,21
0.0,Thu Mar 29 07:27:07 +0000 2018,BBC,1.0,0.0,0.0,üëÄüå∏ The world famous cherry blossoms of Japan bring hundreds of thousands of visitors to see them and this year they‚Ä¶ https://t.co/kGMsyZnWzi,22
0.0,Thu Mar 29 07:00:10 +0000 2018,BBC,1.0,0.0,0.0,"What do you get if you cross a polar bear and a grizzly? 

üêªüòç‚Ä¶ A pizzly! 
#DavidAttenboroughsNaturalCuriosities https://t.co/FwqiMiTd2m",23
0.0,Wed Mar 28 18:00:05 +0000 2018,BBC,1.0,0.0,0.0,üáÆüá™ This 800-year-old hotel in Ireland is simply incredible.  #AmazingHotels https://t.co/OAKKCsexPW,24
0.296,Wed Mar 28 17:00:12 +0000 2018,BBC,0.891,0.0,0.109,"üìö 'Words do not live in dictionaries. They live in the mind.'

Hear the only surviving recording of #VirginiaWoolf,‚Ä¶ https://t.co/Puwg8Mve7N",25
-0.8225,Wed Mar 28 16:30:00 +0000 2018,BBC,0.688,0.312,0.0,The government rates the global outbreak of a deadly flu virus as a major threat to the UK. But how are flu vaccine‚Ä¶ https://t.co/wzMylfDBrP,26
0.0,Wed Mar 28 16:00:10 +0000 2018,BBC,1.0,0.0,0.0,Slacking off in Dubai. https://t.co/a3oSKIxfSK,27
0.7506,Wed Mar 28 15:35:27 +0000 2018,BBC,0.72,0.0,0.28,RT @BBCTheOneShow: The fantastic @george_ezra warming up with a quick cuppa after sound check. Join us at 7pm where he‚Äôll be performing liv‚Ä¶,28
0.0,Wed Mar 28 13:32:04 +0000 2018,BBC,1.0,0.0,0.0,"Two-thirds of drivers say they are ""regularly dazzled"" by oncoming headlights. üöò https://t.co/gwSgpsP6xx https://t.co/i9m9ph8QM1",29
-0.3182,Wed Mar 28 12:26:01 +0000 2018,BBC,0.887,0.113,0.0,"The Masked Plumber is back. 
And this time, he wants to show you how to unblock a sink trap. https://t.co/t1NIgRpZnO",30
0.0,Wed Mar 28 11:50:54 +0000 2018,BBC,1.0,0.0,0.0,RT @bbceurovision: We are starting a #Eurovision 2018 group chat. The tea from when @surieofficial met @saaraaalto üëâ https://t.co/c3PuiYT6S‚Ä¶,31
0.0,Wed Mar 28 11:49:07 +0000 2018,BBC,1.0,0.0,0.0,"RT @BBCR1: ""Last night I did have a very, very large bra, and it was very, very sweaty.""

@JaredLeto lets @Grimmers know about what gets th‚Ä¶",32
0.0,Wed Mar 28 11:47:35 +0000 2018,BBC,1.0,0.0,0.0,"RT @BBCRadio4: Listen to the first three episodes of The Hitchhiker's Guide to the Galaxy: Hexagonal Phase now.

https://t.co/GdvQZf3ijv

#‚Ä¶",33
-0.34,Wed Mar 28 11:47:08 +0000 2018,BBC,0.902,0.098,0.0,"RT @bbcworldservice: Do you say fireman or firefighter? The woman in charge of the London Fire Brigade, Dany Cotton, says 'fireman' is sexi‚Ä¶",34
0.0,Wed Mar 28 11:45:32 +0000 2018,BBC,1.0,0.0,0.0,RT @BBCBreakfast: Take a look at this if you're wondering WHO PAYS for running the new plastic bottle and can deposit scheme: https://t.co/‚Ä¶,35
0.0,Wed Mar 28 11:42:34 +0000 2018,BBC,1.0,0.0,0.0,RT @BBCNewsround: Some advice from children on what NOT to say to people with an #invisiblecondition https://t.co/mGUj3TWB2J #Dynamo https:‚Ä¶,36
0.3182,Wed Mar 28 11:30:09 +0000 2018,BBC,0.837,0.056,0.108,‚ôªÔ∏èüëõ People in England will soon have to pay a deposit when they buy drinks bottles and cans in a bid to boost recyc‚Ä¶ https://t.co/qyKBqES5b3,37
0.0,Wed Mar 28 11:04:03 +0000 2018,BBC,1.0,0.0,0.0,"üò≤ Scientists in Australia have discovered the remains of a mummy in a 2,500-year-old coffin that was previously cla‚Ä¶ https://t.co/2S4q2mDImu",38
0.0,Wed Mar 28 10:53:47 +0000 2018,BBC,1.0,0.0,0.0,"RT @bbcthree: In our latest doc, we investigate allegations that R Kelly has been training a 14-year-old girl to be one his sex ""pets"" http‚Ä¶",39
-0.3612,Wed Mar 28 10:33:03 +0000 2018,BBC,0.865,0.135,0.0,Tickling sticks have been placed on statues in Liverpool ahead of Sir Ken Dodd's funeral. https://t.co/pPGGg07ZQi https://t.co/LSwzv5Qipw,40
0.784,Thu Mar 29 08:00:12 +0000 2018,BBC,0.655,0.0,0.345,üê∂‚ù§Ô∏è Biscuit the robotic pup is helping the elderly cope with conditions like dementia. What a good boy! https://t.co/5vpg6KS031,41
0.0,Thu Mar 29 07:27:07 +0000 2018,BBC,1.0,0.0,0.0,üëÄüå∏ The world famous cherry blossoms of Japan bring hundreds of thousands of visitors to see them and this year they‚Ä¶ https://t.co/kGMsyZnWzi,42
0.0,Thu Mar 29 07:00:10 +0000 2018,BBC,1.0,0.0,0.0,"What do you get if you cross a polar bear and a grizzly? 

üêªüòç‚Ä¶ A pizzly! 
#DavidAttenboroughsNaturalCuriosities https://t.co/FwqiMiTd2m",43
0.0,Wed Mar 28 18:00:05 +0000 2018,BBC,1.0,0.0,0.0,üáÆüá™ This 800-year-old hotel in Ireland is simply incredible.  #AmazingHotels https://t.co/OAKKCsexPW,44
0.296,Wed Mar 28 17:00:12 +0000 2018,BBC,0.891,0.0,0.109,"üìö 'Words do not live in dictionaries. They live in the mind.'

Hear the only surviving recording of #VirginiaWoolf,‚Ä¶ https://t.co/Puwg8Mve7N",45
-0.8225,Wed Mar 28 16:30:00 +0000 2018,BBC,0.688,0.312,0.0,The government rates the global outbreak of a deadly flu virus as a major threat to the UK. But how are flu vaccine‚Ä¶ https://t.co/wzMylfDBrP,46
0.0,Wed Mar 28 16:00:10 +0000 2018,BBC,1.0,0.0,0.0,Slacking off in Dubai. https://t.co/a3oSKIxfSK,47
0.7506,Wed Mar 28 15:35:27 +0000 2018,BBC,0.72,0.0,0.28,RT @BBCTheOneShow: The fantastic @george_ezra warming up with a quick cuppa after sound check. Join us at 7pm where he‚Äôll be performing liv‚Ä¶,48
0.0,Wed Mar 28 13:32:04 +0000 2018,BBC,1.0,0.0,0.0,"Two-thirds of drivers say they are ""regularly dazzled"" by oncoming headlights. üöò https://t.co/gwSgpsP6xx https://t.co/i9m9ph8QM1",49
-0.3182,Wed Mar 28 12:26:01 +0000 2018,BBC,0.887,0.113,0.0,"The Masked Plumber is back. 
And this time, he wants to show you how to unblock a sink trap. https://t.co/t1NIgRpZnO",50
0.0,Wed Mar 28 11:50:54 +0000 2018,BBC,1.0,0.0,0.0,RT @bbceurovision: We are starting a #Eurovision 2018 group chat. The tea from when @surieofficial met @saaraaalto üëâ https://t.co/c3PuiYT6S‚Ä¶,51
0.0,Wed Mar 28 11:49:07 +0000 2018,BBC,1.0,0.0,0.0,"RT @BBCR1: ""Last night I did have a very, very large bra, and it was very, very sweaty.""

@JaredLeto lets @Grimmers know about what gets th‚Ä¶",52
0.0,Wed Mar 28 11:47:35 +0000 2018,BBC,1.0,0.0,0.0,"RT @BBCRadio4: Listen to the first three episodes of The Hitchhiker's Guide to the Galaxy: Hexagonal Phase now.

https://t.co/GdvQZf3ijv

#‚Ä¶",53
-0.34,Wed Mar 28 11:47:08 +0000 2018,BBC,0.902,0.098,0.0,"RT @bbcworldservice: Do you say fireman or firefighter? The woman in charge of the London Fire Brigade, Dany Cotton, says 'fireman' is sexi‚Ä¶",54
0.0,Wed Mar 28 11:45:32 +0000 2018,BBC,1.0,0.0,0.0,RT @BBCBreakfast: Take a look at this if you're wondering WHO PAYS for running the new plastic bottle and can deposit scheme: https://t.co/‚Ä¶,55
0.0,Wed Mar 28 11:42:34 +0000 2018,BBC,1.0,0.0,0.0,RT @BBCNewsround: Some advice from children on what NOT to say to people with an #invisiblecondition https://t.co/mGUj3TWB2J #Dynamo https:‚Ä¶,56
0.3182,Wed Mar 28 11:30:09 +0000 2018,BBC,0.837,0.056,0.108,‚ôªÔ∏èüëõ People in England will soon have to pay a deposit when they buy drinks bottles and cans in a bid to boost recyc‚Ä¶ https://t.co/qyKBqES5b3,57
0.0,Wed Mar 28 11:04:03 +0000 2018,BBC,1.0,0.0,0.0,"üò≤ Scientists in Australia have discovered the remains of a mummy in a 2,500-year-old coffin that was previously cla‚Ä¶ https://t.co/2S4q2mDImu",58
0.0,Wed Mar 28 10:53:47 +0000 2018,BBC,1.0,0.0,0.0,"RT @bbcthree: In our latest doc, we investigate allegations that R Kelly has been training a 14-year-old girl to be one his sex ""pets"" http‚Ä¶",59
-0.3612,Wed Mar 28 10:33:03 +0000 2018,BBC,0.865,0.135,0.0,Tickling sticks have been placed on statues in Liverpool ahead of Sir Ken Dodd's funeral. https://t.co/pPGGg07ZQi https://t.co/LSwzv5Qipw,60
0.784,Thu Mar 29 08:00:12 +0000 2018,BBC,0.655,0.0,0.345,üê∂‚ù§Ô∏è Biscuit the robotic pup is helping the elderly cope with conditions like dementia. What a good boy! https://t.co/5vpg6KS031,61
0.0,Thu Mar 29 07:27:07 +0000 2018,BBC,1.0,0.0,0.0,üëÄüå∏ The world famous cherry blossoms of Japan bring hundreds of thousands of visitors to see them and this year they‚Ä¶ https://t.co/kGMsyZnWzi,62
0.0,Thu Mar 29 07:00:10 +0000 2018,BBC,1.0,0.0,0.0,"What do you get if you cross a polar bear and a grizzly? 

üêªüòç‚Ä¶ A pizzly! 
#DavidAttenboroughsNaturalCuriosities https://t.co/FwqiMiTd2m",63
0.0,Wed Mar 28 18:00:05 +0000 2018,BBC,1.0,0.0,0.0,üáÆüá™ This 800-year-old hotel in Ireland is simply incredible.  #AmazingHotels https://t.co/OAKKCsexPW,64
0.296,Wed Mar 28 17:00:12 +0000 2018,BBC,0.891,0.0,0.109,"üìö 'Words do not live in dictionaries. They live in the mind.'

Hear the only surviving recording of #VirginiaWoolf,‚Ä¶ https://t.co/Puwg8Mve7N",65
-0.8225,Wed Mar 28 16:30:00 +0000 2018,BBC,0.688,0.312,0.0,The government rates the global outbreak of a deadly flu virus as a major threat to the UK. But how are flu vaccine‚Ä¶ https://t.co/wzMylfDBrP,66
0.0,Wed Mar 28 16:00:10 +0000 2018,BBC,1.0,0.0,0.0,Slacking off in Dubai. https://t.co/a3oSKIxfSK,67
0.7506,Wed Mar 28 15:35:27 +0000 2018,BBC,0.72,0.0,0.28,RT @BBCTheOneShow: The fantastic @george_ezra warming up with a quick cuppa after sound check. Join us at 7pm where he‚Äôll be performing liv‚Ä¶,68
0.0,Wed Mar 28 13:32:04 +0000 2018,BBC,1.0,0.0,0.0,"Two-thirds of drivers say they are ""regularly dazzled"" by oncoming headlights. üöò https://t.co/gwSgpsP6xx https://t.co/i9m9ph8QM1",69
-0.3182,Wed Mar 28 12:26:01 +0000 2018,BBC,0.887,0.113,0.0,"The Masked Plumber is back. 
And this time, he wants to show you how to unblock a sink trap. https://t.co/t1NIgRpZnO",70
0.0,Wed Mar 28 11:50:54 +0000 2018,BBC,1.0,0.0,0.0,RT @bbceurovision: We are starting a #Eurovision 2018 group chat. The tea from when @surieofficial met @saaraaalto üëâ https://t.co/c3PuiYT6S‚Ä¶,71
0.0,Wed Mar 28 11:49:07 +0000 2018,BBC,1.0,0.0,0.0,"RT @BBCR1: ""Last night I did have a very, very large bra, and it was very, very sweaty.""

@JaredLeto lets @Grimmers know about what gets th‚Ä¶",72
0.0,Wed Mar 28 11:47:35 +0000 2018,BBC,1.0,0.0,0.0,"RT @BBCRadio4: Listen to the first three episodes of The Hitchhiker's Guide to the Galaxy: Hexagonal Phase now.

https://t.co/GdvQZf3ijv

#‚Ä¶",73
-0.34,Wed Mar 28 11:47:08 +0000 2018,BBC,0.902,0.098,0.0,"RT @bbcworldservice: Do you say fireman or firefighter? The woman in charge of the London Fire Brigade, Dany Cotton, says 'fireman' is sexi‚Ä¶",74
0.0,Wed Mar 28 11:45:32 +0000 2018,BBC,1.0,0.0,0.0,RT @BBCBreakfast: Take a look at this if you're wondering WHO PAYS for running the new plastic bottle and can deposit scheme: https://t.co/‚Ä¶,75
0.0,Wed Mar 28 11:42:34 +0000 2018,BBC,1.0,0.0,0.0,RT @BBCNewsround: Some advice from children on what NOT to say to people with an #invisiblecondition https://t.co/mGUj3TWB2J #Dynamo https:‚Ä¶,76
0.3182,Wed Mar 28 11:30:09 +0000 2018,BBC,0.837,0.056,0.108,‚ôªÔ∏èüëõ People in England will soon have to pay a deposit when they buy drinks bottles and cans in a bid to boost recyc‚Ä¶ https://t.co/qyKBqES5b3,77
0.0,Wed Mar 28 11:04:03 +0000 2018,BBC,1.0,0.0,0.0,"üò≤ Scientists in Australia have discovered the remains of a mummy in a 2,500-year-old coffin that was previously cla‚Ä¶ https://t.co/2S4q2mDImu",78
0.0,Wed Mar 28 10:53:47 +0000 2018,BBC,1.0,0.0,0.0,"RT @bbcthree: In our latest doc, we investigate allegations that R Kelly has been training a 14-year-old girl to be one his sex ""pets"" http‚Ä¶",79
-0.3612,Wed Mar 28 10:33:03 +0000 2018,BBC,0.865,0.135,0.0,Tickling sticks have been placed on statues in Liverpool ahead of Sir Ken Dodd's funeral. https://t.co/pPGGg07ZQi https://t.co/LSwzv5Qipw,80
0.784,Thu Mar 29 08:00:12 +0000 2018,BBC,0.655,0.0,0.345,üê∂‚ù§Ô∏è Biscuit the robotic pup is helping the elderly cope with conditions like dementia. What a good boy! https://t.co/5vpg6KS031,81
0.0,Thu Mar 29 07:27:07 +0000 2018,BBC,1.0,0.0,0.0,üëÄüå∏ The world famous cherry blossoms of Japan bring hundreds of thousands of visitors to see them and this year they‚Ä¶ https://t.co/kGMsyZnWzi,82
0.0,Thu Mar 29 07:00:10 +0000 2018,BBC,1.0,0.0,0.0,"What do you get if you cross a polar bear and a grizzly? 

üêªüòç‚Ä¶ A pizzly! 
#DavidAttenboroughsNaturalCuriosities https://t.co/FwqiMiTd2m",83
0.0,Wed Mar 28 18:00:05 +0000 2018,BBC,1.0,0.0,0.0,üáÆüá™ This 800-year-old hotel in Ireland is simply incredible.  #AmazingHotels https://t.co/OAKKCsexPW,84
0.296,Wed Mar 28 17:00:12 +0000 2018,BBC,0.891,0.0,0.109,"üìö 'Words do not live in dictionaries. They live in the mind.'

Hear the only surviving recording of #VirginiaWoolf,‚Ä¶ https://t.co/Puwg8Mve7N",85
-0.8225,Wed Mar 28 16:30:00 +0000 2018,BBC,0.688,0.312,0.0,The government rates the global outbreak of a deadly flu virus as a major threat to the UK. But how are flu vaccine‚Ä¶ https://t.co/wzMylfDBrP,86
0.0,Wed Mar 28 16:00:10 +0000 2018,BBC,1.0,0.0,0.0,Slacking off in Dubai. https://t.co/a3oSKIxfSK,87
0.7506,Wed Mar 28 15:35:27 +0000 2018,BBC,0.72,0.0,0.28,RT @BBCTheOneShow: The fantastic @george_ezra warming up with a quick cuppa after sound check. Join us at 7pm where he‚Äôll be performing liv‚Ä¶,88
0.0,Wed Mar 28 13:32:04 +0000 2018,BBC,1.0,0.0,0.0,"Two-thirds of drivers say they are ""regularly dazzled"" by oncoming headlights. üöò https://t.co/gwSgpsP6xx https://t.co/i9m9ph8QM1",89
-0.3182,Wed Mar 28 12:26:01 +0000 2018,BBC,0.887,0.113,0.0,"The Masked Plumber is back. 
And this time, he wants to show you how to unblock a sink trap. https://t.co/t1NIgRpZnO",90
0.0,Wed Mar 28 11:50:54 +0000 2018,BBC,1.0,0.0,0.0,RT @bbceurovision: We are starting a #Eurovision 2018 group chat. The tea from when @surieofficial met @saaraaalto üëâ https://t.co/c3PuiYT6S‚Ä¶,91
0.0,Wed Mar 28 11:49:07 +0000 2018,BBC,1.0,0.0,0.0,"RT @BBCR1: ""Last night I did have a very, very large bra, and it was very, very sweaty.""

@JaredLeto lets @Grimmers know about what gets th‚Ä¶",92
0.0,Wed Mar 28 11:47:35 +0000 2018,BBC,1.0,0.0,0.0,"RT @BBCRadio4: Listen to the first three episodes of The Hitchhiker's Guide to the Galaxy: Hexagonal Phase now.

https://t.co/GdvQZf3ijv

#‚Ä¶",93
-0.34,Wed Mar 28 11:47:08 +0000 2018,BBC,0.902,0.098,0.0,"RT @bbcworldservice: Do you say fireman or firefighter? The woman in charge of the London Fire Brigade, Dany Cotton, says 'fireman' is sexi‚Ä¶",94
0.0,Wed Mar 28 11:45:32 +0000 2018,BBC,1.0,0.0,0.0,RT @BBCBreakfast: Take a look at this if you're wondering WHO PAYS for running the new plastic bottle and can deposit scheme: https://t.co/‚Ä¶,95
0.0,Wed Mar 28 11:42:34 +0000 2018,BBC,1.0,0.0,0.0,RT @BBCNewsround: Some advice from children on what NOT to say to people with an #invisiblecondition https://t.co/mGUj3TWB2J #Dynamo https:‚Ä¶,96
0.3182,Wed Mar 28 11:30:09 +0000 2018,BBC,0.837,0.056,0.108,‚ôªÔ∏èüëõ People in England will soon have to pay a deposit when they buy drinks bottles and cans in a bid to boost recyc‚Ä¶ https://t.co/qyKBqES5b3,97
0.0,Wed Mar 28 11:04:03 +0000 2018,BBC,1.0,0.0,0.0,"üò≤ Scientists in Australia have discovered the remains of a mummy in a 2,500-year-old coffin that was previously cla‚Ä¶ https://t.co/2S4q2mDImu",98
0.0,Wed Mar 28 10:53:47 +0000 2018,BBC,1.0,0.0,0.0,"RT @bbcthree: In our latest doc, we investigate allegations that R Kelly has been training a 14-year-old girl to be one his sex ""pets"" http‚Ä¶",99
-0.3612,Wed Mar 28 10:33:03 +0000 2018,BBC,0.865,0.135,0.0,Tickling sticks have been placed on statues in Liverpool ahead of Sir Ken Dodd's funeral. https://t.co/pPGGg07ZQi https://t.co/LSwzv5Qipw,100
0.3818,Tue Mar 27 21:00:01 +0000 2018,CBS,0.68,0.108,0.212,Count on Entertainer Of The Year nominee @LukeBryanOnline to crash the party with an epic performance at the 53rd‚Ä¶ https://t.co/27ua60HTqu,1
0.296,Tue Mar 27 17:00:00 +0000 2018,CBS,0.901,0.0,0.099,Join @eltonofficial and some of today's hottest names in music when they take the stage to perform his most memorab‚Ä¶ https://t.co/jz0jaShZIj,2
0.508,Mon Mar 26 22:14:25 +0000 2018,CBS,0.88,0.0,0.12,"RT @ACMawards: The ACM for New Vocal Group of the Year goes to @MidlandOfficial! And yes, that really was @Reba on the phone! #ACMawards ht‚Ä¶",3
0.0,Mon Mar 26 20:42:48 +0000 2018,CBS,1.0,0.0,0.0,"RT @ACMawards: In case you didn‚Äôt know, the ACM for New Male Vocalist of the Year goes to @BrettYoungMusic. Check out his reaction when @Re‚Ä¶",4
0.7959,Mon Mar 26 16:59:19 +0000 2018,CBS,0.786,0.0,0.214,RT @ACMawards: Over the weekend @Reba called the ACM New Artist of the Year winners to let them know they had won! Let‚Äôs just say our New F‚Ä¶,5
0.807,Mon Mar 26 16:05:18 +0000 2018,CBS,0.622,0.0,0.378,"Congratulations to the 53rd #ACMawards New Artist winners @Lauren_Alaina, @MidlandOfficial, and @BrettYoungMusic! W‚Ä¶ https://t.co/Fr8H4arwGj",6
0.0,Sun Mar 25 23:57:34 +0000 2018,CBS,1.0,0.0,0.0,New start times in East/Central Time Zones #60Minutes 7:35ET/6:35CT #Instinct  8:35ET/7:35CT #NCISLA 9:35ET/8:35CT‚Ä¶ https://t.co/8W5hAeLrvs,7
0.5319,Sun Mar 25 17:15:25 +0000 2018,CBS,0.78,0.062,0.157,Don‚Äôt miss a minute of the action. Stream the¬†Elite Eight¬Æ¬†games LIVE today starting at 2PM ET with a FREE trial of‚Ä¶ https://t.co/8NwU8HdiHR,8
0.5399,Sat Mar 24 22:46:53 +0000 2018,CBS,0.801,0.0,0.199,RT @MomCBS: That's a wrap on the #Mom panel at #PaleyFest! Thanks for following along! https://t.co/we4JgqPt6P,9
-0.34,Sat Mar 24 22:46:43 +0000 2018,CBS,0.7,0.185,0.115,RT @MomCBS: A fan just commented that #Mom helped bring him out of a deep depression. üíúüíúüíú #PaleyFest,10
0.7003,Sat Mar 24 22:25:03 +0000 2018,CBS,0.791,0.0,0.209,"RT @MomCBS: ""Go out for it anyway. If you're good for the role, you're good for the role."" @theJaimePressly's advice for aspiring actors wi‚Ä¶",11
0.0,Sat Mar 24 22:21:37 +0000 2018,CBS,1.0,0.0,0.0,RT @MomCBS: Mom Co-Creator @GemmaRBaker just pointed out her own #Mom in the audience at #PaleyFest! üíú,12
0.0,Sat Mar 24 22:21:34 +0000 2018,CBS,1.0,0.0,0.0,"RT @MomCBS: ""I'm not someone in recovery who goes to AA, but I have taken so much away from it...to take one day at a time."" - @theJaimePre‚Ä¶",13
0.7184,Sat Mar 24 22:21:26 +0000 2018,CBS,0.667,0.0,0.333,"RT @MomCBS: ""You get to appreciate working with such talented people."" - @AnnaKFaris #Mom #PaleyFest",14
0.9451,Sat Mar 24 22:21:23 +0000 2018,CBS,0.58,0.0,0.42,RT @MomCBS: ‚ÄúI love this job. I love working with these women. I love working in front of the live audience‚Ä¶ It‚Äôs alive and it‚Äôs fun.‚Äù - @A‚Ä¶,15
0.0,Sat Mar 24 20:00:02 +0000 2018,CBS,1.0,0.0,0.0,"Get on your feet for @Jason_Aldean, @ThomasRhett, @ChrisStapleton, @KeithUrban, and @ChrisYoungMusic, the five nomi‚Ä¶ https://t.co/oT5ogjdj4x",16
0.6996,Fri Mar 23 22:33:52 +0000 2018,CBS,0.806,0.0,0.194,Get ready for some sweet games! Stream #5 Clemson vs #1 Kansas LIVE at 7PM ET and #11 Syracuse vs #2 Duke LIVE at 9‚Ä¶ https://t.co/4WstgrKNnW,17
0.4939,Fri Mar 23 22:33:04 +0000 2018,CBS,0.686,0.0,0.314,RT @SEALTeamCBS: In honor of #NationalPuppyDay... üòç #SEALTeam https://t.co/4mIZPpiRlU,18
0.8997,Fri Mar 23 22:32:48 +0000 2018,CBS,0.645,0.0,0.355,"RT @HawaiiFive0CBS: Nothing like a man and his dog! üòçüê∂ Happy #NationalPuppyDay to Eddie, the best pup on the Five-0 Task Force! #H50 https:‚Ä¶",19
0.0,Thu Mar 22 22:10:29 +0000 2018,CBS,1.0,0.0,0.0,Game on! 16 teams left and the race to the finish continues tonight. Stream #11 Loyola-Chicago vs #7 Nevada LIVE at‚Ä¶ https://t.co/W374rmzzoC,20
0.3818,Tue Mar 27 21:00:01 +0000 2018,CBS,0.68,0.108,0.212,Count on Entertainer Of The Year nominee @LukeBryanOnline to crash the party with an epic performance at the 53rd‚Ä¶ https://t.co/27ua60HTqu,21
0.296,Tue Mar 27 17:00:00 +0000 2018,CBS,0.901,0.0,0.099,Join @eltonofficial and some of today's hottest names in music when they take the stage to perform his most memorab‚Ä¶ https://t.co/jz0jaShZIj,22
0.508,Mon Mar 26 22:14:25 +0000 2018,CBS,0.88,0.0,0.12,"RT @ACMawards: The ACM for New Vocal Group of the Year goes to @MidlandOfficial! And yes, that really was @Reba on the phone! #ACMawards ht‚Ä¶",23
0.0,Mon Mar 26 20:42:48 +0000 2018,CBS,1.0,0.0,0.0,"RT @ACMawards: In case you didn‚Äôt know, the ACM for New Male Vocalist of the Year goes to @BrettYoungMusic. Check out his reaction when @Re‚Ä¶",24
0.7959,Mon Mar 26 16:59:19 +0000 2018,CBS,0.786,0.0,0.214,RT @ACMawards: Over the weekend @Reba called the ACM New Artist of the Year winners to let them know they had won! Let‚Äôs just say our New F‚Ä¶,25
0.807,Mon Mar 26 16:05:18 +0000 2018,CBS,0.622,0.0,0.378,"Congratulations to the 53rd #ACMawards New Artist winners @Lauren_Alaina, @MidlandOfficial, and @BrettYoungMusic! W‚Ä¶ https://t.co/Fr8H4arwGj",26
0.0,Sun Mar 25 23:57:34 +0000 2018,CBS,1.0,0.0,0.0,New start times in East/Central Time Zones #60Minutes 7:35ET/6:35CT #Instinct  8:35ET/7:35CT #NCISLA 9:35ET/8:35CT‚Ä¶ https://t.co/8W5hAeLrvs,27
0.5319,Sun Mar 25 17:15:25 +0000 2018,CBS,0.78,0.062,0.157,Don‚Äôt miss a minute of the action. Stream the¬†Elite Eight¬Æ¬†games LIVE today starting at 2PM ET with a FREE trial of‚Ä¶ https://t.co/8NwU8HdiHR,28
0.5399,Sat Mar 24 22:46:53 +0000 2018,CBS,0.801,0.0,0.199,RT @MomCBS: That's a wrap on the #Mom panel at #PaleyFest! Thanks for following along! https://t.co/we4JgqPt6P,29
-0.34,Sat Mar 24 22:46:43 +0000 2018,CBS,0.7,0.185,0.115,RT @MomCBS: A fan just commented that #Mom helped bring him out of a deep depression. üíúüíúüíú #PaleyFest,30
0.7003,Sat Mar 24 22:25:03 +0000 2018,CBS,0.791,0.0,0.209,"RT @MomCBS: ""Go out for it anyway. If you're good for the role, you're good for the role."" @theJaimePressly's advice for aspiring actors wi‚Ä¶",31
0.0,Sat Mar 24 22:21:37 +0000 2018,CBS,1.0,0.0,0.0,RT @MomCBS: Mom Co-Creator @GemmaRBaker just pointed out her own #Mom in the audience at #PaleyFest! üíú,32
0.0,Sat Mar 24 22:21:34 +0000 2018,CBS,1.0,0.0,0.0,"RT @MomCBS: ""I'm not someone in recovery who goes to AA, but I have taken so much away from it...to take one day at a time."" - @theJaimePre‚Ä¶",33
0.7184,Sat Mar 24 22:21:26 +0000 2018,CBS,0.667,0.0,0.333,"RT @MomCBS: ""You get to appreciate working with such talented people."" - @AnnaKFaris #Mom #PaleyFest",34
0.9451,Sat Mar 24 22:21:23 +0000 2018,CBS,0.58,0.0,0.42,RT @MomCBS: ‚ÄúI love this job. I love working with these women. I love working in front of the live audience‚Ä¶ It‚Äôs alive and it‚Äôs fun.‚Äù - @A‚Ä¶,35
0.0,Sat Mar 24 20:00:02 +0000 2018,CBS,1.0,0.0,0.0,"Get on your feet for @Jason_Aldean, @ThomasRhett, @ChrisStapleton, @KeithUrban, and @ChrisYoungMusic, the five nomi‚Ä¶ https://t.co/oT5ogjdj4x",36
0.6996,Fri Mar 23 22:33:52 +0000 2018,CBS,0.806,0.0,0.194,Get ready for some sweet games! Stream #5 Clemson vs #1 Kansas LIVE at 7PM ET and #11 Syracuse vs #2 Duke LIVE at 9‚Ä¶ https://t.co/4WstgrKNnW,37
0.4939,Fri Mar 23 22:33:04 +0000 2018,CBS,0.686,0.0,0.314,RT @SEALTeamCBS: In honor of #NationalPuppyDay... üòç #SEALTeam https://t.co/4mIZPpiRlU,38
0.8997,Fri Mar 23 22:32:48 +0000 2018,CBS,0.645,0.0,0.355,"RT @HawaiiFive0CBS: Nothing like a man and his dog! üòçüê∂ Happy #NationalPuppyDay to Eddie, the best pup on the Five-0 Task Force! #H50 https:‚Ä¶",39
0.0,Thu Mar 22 22:10:29 +0000 2018,CBS,1.0,0.0,0.0,Game on! 16 teams left and the race to the finish continues tonight. Stream #11 Loyola-Chicago vs #7 Nevada LIVE at‚Ä¶ https://t.co/W374rmzzoC,40
0.3818,Tue Mar 27 21:00:01 +0000 2018,CBS,0.68,0.108,0.212,Count on Entertainer Of The Year nominee @LukeBryanOnline to crash the party with an epic performance at the 53rd‚Ä¶ https://t.co/27ua60HTqu,41
0.296,Tue Mar 27 17:00:00 +0000 2018,CBS,0.901,0.0,0.099,Join @eltonofficial and some of today's hottest names in music when they take the stage to perform his most memorab‚Ä¶ https://t.co/jz0jaShZIj,42
0.508,Mon Mar 26 22:14:25 +0000 2018,CBS,0.88,0.0,0.12,"RT @ACMawards: The ACM for New Vocal Group of the Year goes to @MidlandOfficial! And yes, that really was @Reba on the phone! #ACMawards ht‚Ä¶",43
0.0,Mon Mar 26 20:42:48 +0000 2018,CBS,1.0,0.0,0.0,"RT @ACMawards: In case you didn‚Äôt know, the ACM for New Male Vocalist of the Year goes to @BrettYoungMusic. Check out his reaction when @Re‚Ä¶",44
0.7959,Mon Mar 26 16:59:19 +0000 2018,CBS,0.786,0.0,0.214,RT @ACMawards: Over the weekend @Reba called the ACM New Artist of the Year winners to let them know they had won! Let‚Äôs just say our New F‚Ä¶,45
0.807,Mon Mar 26 16:05:18 +0000 2018,CBS,0.622,0.0,0.378,"Congratulations to the 53rd #ACMawards New Artist winners @Lauren_Alaina, @MidlandOfficial, and @BrettYoungMusic! W‚Ä¶ https://t.co/Fr8H4arwGj",46
0.0,Sun Mar 25 23:57:34 +0000 2018,CBS,1.0,0.0,0.0,New start times in East/Central Time Zones #60Minutes 7:35ET/6:35CT #Instinct  8:35ET/7:35CT #NCISLA 9:35ET/8:35CT‚Ä¶ https://t.co/8W5hAeLrvs,47
0.5319,Sun Mar 25 17:15:25 +0000 2018,CBS,0.78,0.062,0.157,Don‚Äôt miss a minute of the action. Stream the¬†Elite Eight¬Æ¬†games LIVE today starting at 2PM ET with a FREE trial of‚Ä¶ https://t.co/8NwU8HdiHR,48
0.5399,Sat Mar 24 22:46:53 +0000 2018,CBS,0.801,0.0,0.199,RT @MomCBS: That's a wrap on the #Mom panel at #PaleyFest! Thanks for following along! https://t.co/we4JgqPt6P,49
-0.34,Sat Mar 24 22:46:43 +0000 2018,CBS,0.7,0.185,0.115,RT @MomCBS: A fan just commented that #Mom helped bring him out of a deep depression. üíúüíúüíú #PaleyFest,50
0.7003,Sat Mar 24 22:25:03 +0000 2018,CBS,0.791,0.0,0.209,"RT @MomCBS: ""Go out for it anyway. If you're good for the role, you're good for the role."" @theJaimePressly's advice for aspiring actors wi‚Ä¶",51
0.0,Sat Mar 24 22:21:37 +0000 2018,CBS,1.0,0.0,0.0,RT @MomCBS: Mom Co-Creator @GemmaRBaker just pointed out her own #Mom in the audience at #PaleyFest! üíú,52
0.0,Sat Mar 24 22:21:34 +0000 2018,CBS,1.0,0.0,0.0,"RT @MomCBS: ""I'm not someone in recovery who goes to AA, but I have taken so much away from it...to take one day at a time."" - @theJaimePre‚Ä¶",53
0.7184,Sat Mar 24 22:21:26 +0000 2018,CBS,0.667,0.0,0.333,"RT @MomCBS: ""You get to appreciate working with such talented people."" - @AnnaKFaris #Mom #PaleyFest",54
0.9451,Sat Mar 24 22:21:23 +0000 2018,CBS,0.58,0.0,0.42,RT @MomCBS: ‚ÄúI love this job. I love working with these women. I love working in front of the live audience‚Ä¶ It‚Äôs alive and it‚Äôs fun.‚Äù - @A‚Ä¶,55
0.0,Sat Mar 24 20:00:02 +0000 2018,CBS,1.0,0.0,0.0,"Get on your feet for @Jason_Aldean, @ThomasRhett, @ChrisStapleton, @KeithUrban, and @ChrisYoungMusic, the five nomi‚Ä¶ https://t.co/oT5ogjdj4x",56
0.6996,Fri Mar 23 22:33:52 +0000 2018,CBS,0.806,0.0,0.194,Get ready for some sweet games! Stream #5 Clemson vs #1 Kansas LIVE at 7PM ET and #11 Syracuse vs #2 Duke LIVE at 9‚Ä¶ https://t.co/4WstgrKNnW,57
0.4939,Fri Mar 23 22:33:04 +0000 2018,CBS,0.686,0.0,0.314,RT @SEALTeamCBS: In honor of #NationalPuppyDay... üòç #SEALTeam https://t.co/4mIZPpiRlU,58
0.8997,Fri Mar 23 22:32:48 +0000 2018,CBS,0.645,0.0,0.355,"RT @HawaiiFive0CBS: Nothing like a man and his dog! üòçüê∂ Happy #NationalPuppyDay to Eddie, the best pup on the Five-0 Task Force! #H50 https:‚Ä¶",59
0.0,Thu Mar 22 22:10:29 +0000 2018,CBS,1.0,0.0,0.0,Game on! 16 teams left and the race to the finish continues tonight. Stream #11 Loyola-Chicago vs #7 Nevada LIVE at‚Ä¶ https://t.co/W374rmzzoC,60
0.3818,Tue Mar 27 21:00:01 +0000 2018,CBS,0.68,0.108,0.212,Count on Entertainer Of The Year nominee @LukeBryanOnline to crash the party with an epic performance at the 53rd‚Ä¶ https://t.co/27ua60HTqu,61
0.296,Tue Mar 27 17:00:00 +0000 2018,CBS,0.901,0.0,0.099,Join @eltonofficial and some of today's hottest names in music when they take the stage to perform his most memorab‚Ä¶ https://t.co/jz0jaShZIj,62
0.508,Mon Mar 26 22:14:25 +0000 2018,CBS,0.88,0.0,0.12,"RT @ACMawards: The ACM for New Vocal Group of the Year goes to @MidlandOfficial! And yes, that really was @Reba on the phone! #ACMawards ht‚Ä¶",63
0.0,Mon Mar 26 20:42:48 +0000 2018,CBS,1.0,0.0,0.0,"RT @ACMawards: In case you didn‚Äôt know, the ACM for New Male Vocalist of the Year goes to @BrettYoungMusic. Check out his reaction when @Re‚Ä¶",64
0.7959,Mon Mar 26 16:59:19 +0000 2018,CBS,0.786,0.0,0.214,RT @ACMawards: Over the weekend @Reba called the ACM New Artist of the Year winners to let them know they had won! Let‚Äôs just say our New F‚Ä¶,65
0.807,Mon Mar 26 16:05:18 +0000 2018,CBS,0.622,0.0,0.378,"Congratulations to the 53rd #ACMawards New Artist winners @Lauren_Alaina, @MidlandOfficial, and @BrettYoungMusic! W‚Ä¶ https://t.co/Fr8H4arwGj",66
0.0,Sun Mar 25 23:57:34 +0000 2018,CBS,1.0,0.0,0.0,New start times in East/Central Time Zones #60Minutes 7:35ET/6:35CT #Instinct  8:35ET/7:35CT #NCISLA 9:35ET/8:35CT‚Ä¶ https://t.co/8W5hAeLrvs,67
0.5319,Sun Mar 25 17:15:25 +0000 2018,CBS,0.78,0.062,0.157,Don‚Äôt miss a minute of the action. Stream the¬†Elite Eight¬Æ¬†games LIVE today starting at 2PM ET with a FREE trial of‚Ä¶ https://t.co/8NwU8HdiHR,68
0.5399,Sat Mar 24 22:46:53 +0000 2018,CBS,0.801,0.0,0.199,RT @MomCBS: That's a wrap on the #Mom panel at #PaleyFest! Thanks for following along! https://t.co/we4JgqPt6P,69
-0.34,Sat Mar 24 22:46:43 +0000 2018,CBS,0.7,0.185,0.115,RT @MomCBS: A fan just commented that #Mom helped bring him out of a deep depression. üíúüíúüíú #PaleyFest,70
0.7003,Sat Mar 24 22:25:03 +0000 2018,CBS,0.791,0.0,0.209,"RT @MomCBS: ""Go out for it anyway. If you're good for the role, you're good for the role."" @theJaimePressly's advice for aspiring actors wi‚Ä¶",71
0.0,Sat Mar 24 22:21:37 +0000 2018,CBS,1.0,0.0,0.0,RT @MomCBS: Mom Co-Creator @GemmaRBaker just pointed out her own #Mom in the audience at #PaleyFest! üíú,72
0.0,Sat Mar 24 22:21:34 +0000 2018,CBS,1.0,0.0,0.0,"RT @MomCBS: ""I'm not someone in recovery who goes to AA, but I have taken so much away from it...to take one day at a time."" - @theJaimePre‚Ä¶",73
0.7184,Sat Mar 24 22:21:26 +0000 2018,CBS,0.667,0.0,0.333,"RT @MomCBS: ""You get to appreciate working with such talented people."" - @AnnaKFaris #Mom #PaleyFest",74
0.9451,Sat Mar 24 22:21:23 +0000 2018,CBS,0.58,0.0,0.42,RT @MomCBS: ‚ÄúI love this job. I love working with these women. I love working in front of the live audience‚Ä¶ It‚Äôs alive and it‚Äôs fun.‚Äù - @A‚Ä¶,75
0.0,Sat Mar 24 20:00:02 +0000 2018,CBS,1.0,0.0,0.0,"Get on your feet for @Jason_Aldean, @ThomasRhett, @ChrisStapleton, @KeithUrban, and @ChrisYoungMusic, the five nomi‚Ä¶ https://t.co/oT5ogjdj4x",76
0.6996,Fri Mar 23 22:33:52 +0000 2018,CBS,0.806,0.0,0.194,Get ready for some sweet games! Stream #5 Clemson vs #1 Kansas LIVE at 7PM ET and #11 Syracuse vs #2 Duke LIVE at 9‚Ä¶ https://t.co/4WstgrKNnW,77
0.4939,Fri Mar 23 22:33:04 +0000 2018,CBS,0.686,0.0,0.314,RT @SEALTeamCBS: In honor of #NationalPuppyDay... üòç #SEALTeam https://t.co/4mIZPpiRlU,78
0.8997,Fri Mar 23 22:32:48 +0000 2018,CBS,0.645,0.0,0.355,"RT @HawaiiFive0CBS: Nothing like a man and his dog! üòçüê∂ Happy #NationalPuppyDay to Eddie, the best pup on the Five-0 Task Force! #H50 https:‚Ä¶",79
0.0,Thu Mar 22 22:10:29 +0000 2018,CBS,1.0,0.0,0.0,Game on! 16 teams left and the race to the finish continues tonight. Stream #11 Loyola-Chicago vs #7 Nevada LIVE at‚Ä¶ https://t.co/W374rmzzoC,80
0.3818,Tue Mar 27 21:00:01 +0000 2018,CBS,0.68,0.108,0.212,Count on Entertainer Of The Year nominee @LukeBryanOnline to crash the party with an epic performance at the 53rd‚Ä¶ https://t.co/27ua60HTqu,81
0.296,Tue Mar 27 17:00:00 +0000 2018,CBS,0.901,0.0,0.099,Join @eltonofficial and some of today's hottest names in music when they take the stage to perform his most memorab‚Ä¶ https://t.co/jz0jaShZIj,82
0.508,Mon Mar 26 22:14:25 +0000 2018,CBS,0.88,0.0,0.12,"RT @ACMawards: The ACM for New Vocal Group of the Year goes to @MidlandOfficial! And yes, that really was @Reba on the phone! #ACMawards ht‚Ä¶",83
0.0,Mon Mar 26 20:42:48 +0000 2018,CBS,1.0,0.0,0.0,"RT @ACMawards: In case you didn‚Äôt know, the ACM for New Male Vocalist of the Year goes to @BrettYoungMusic. Check out his reaction when @Re‚Ä¶",84
0.7959,Mon Mar 26 16:59:19 +0000 2018,CBS,0.786,0.0,0.214,RT @ACMawards: Over the weekend @Reba called the ACM New Artist of the Year winners to let them know they had won! Let‚Äôs just say our New F‚Ä¶,85
0.807,Mon Mar 26 16:05:18 +0000 2018,CBS,0.622,0.0,0.378,"Congratulations to the 53rd #ACMawards New Artist winners @Lauren_Alaina, @MidlandOfficial, and @BrettYoungMusic! W‚Ä¶ https://t.co/Fr8H4arwGj",86
0.0,Sun Mar 25 23:57:34 +0000 2018,CBS,1.0,0.0,0.0,New start times in East/Central Time Zones #60Minutes 7:35ET/6:35CT #Instinct  8:35ET/7:35CT #NCISLA 9:35ET/8:35CT‚Ä¶ https://t.co/8W5hAeLrvs,87
0.5319,Sun Mar 25 17:15:25 +0000 2018,CBS,0.78,0.062,0.157,Don‚Äôt miss a minute of the action. Stream the¬†Elite Eight¬Æ¬†games LIVE today starting at 2PM ET with a FREE trial of‚Ä¶ https://t.co/8NwU8HdiHR,88
0.5399,Sat Mar 24 22:46:53 +0000 2018,CBS,0.801,0.0,0.199,RT @MomCBS: That's a wrap on the #Mom panel at #PaleyFest! Thanks for following along! https://t.co/we4JgqPt6P,89
-0.34,Sat Mar 24 22:46:43 +0000 2018,CBS,0.7,0.185,0.115,RT @MomCBS: A fan just commented that #Mom helped bring him out of a deep depression. üíúüíúüíú #PaleyFest,90
0.7003,Sat Mar 24 22:25:03 +0000 2018,CBS,0.791,0.0,0.209,"RT @MomCBS: ""Go out for it anyway. If you're good for the role, you're good for the role."" @theJaimePressly's advice for aspiring actors wi‚Ä¶",91
0.0,Sat Mar 24 22:21:37 +0000 2018,CBS,1.0,0.0,0.0,RT @MomCBS: Mom Co-Creator @GemmaRBaker just pointed out her own #Mom in the audience at #PaleyFest! üíú,92
0.0,Sat Mar 24 22:21:34 +0000 2018,CBS,1.0,0.0,0.0,"RT @MomCBS: ""I'm not someone in recovery who goes to AA, but I have taken so much away from it...to take one day at a time."" - @theJaimePre‚Ä¶",93
0.7184,Sat Mar 24 22:21:26 +0000 2018,CBS,0.667,0.0,0.333,"RT @MomCBS: ""You get to appreciate working with such talented people."" - @AnnaKFaris #Mom #PaleyFest",94
0.9451,Sat Mar 24 22:21:23 +0000 2018,CBS,0.58,0.0,0.42,RT @MomCBS: ‚ÄúI love this job. I love working with these women. I love working in front of the live audience‚Ä¶ It‚Äôs alive and it‚Äôs fun.‚Äù - @A‚Ä¶,95
0.0,Sat Mar 24 20:00:02 +0000 2018,CBS,1.0,0.0,0.0,"Get on your feet for @Jason_Aldean, @ThomasRhett, @ChrisStapleton, @KeithUrban, and @ChrisYoungMusic, the five nomi‚Ä¶ https://t.co/oT5ogjdj4x",96
0.6996,Fri Mar 23 22:33:52 +0000 2018,CBS,0.806,0.0,0.194,Get ready for some sweet games! Stream #5 Clemson vs #1 Kansas LIVE at 7PM ET and #11 Syracuse vs #2 Duke LIVE at 9‚Ä¶ https://t.co/4WstgrKNnW,97
0.4939,Fri Mar 23 22:33:04 +0000 2018,CBS,0.686,0.0,0.314,RT @SEALTeamCBS: In honor of #NationalPuppyDay... üòç #SEALTeam https://t.co/4mIZPpiRlU,98
0.8997,Fri Mar 23 22:32:48 +0000 2018,CBS,0.645,0.0,0.355,"RT @HawaiiFive0CBS: Nothing like a man and his dog! üòçüê∂ Happy #NationalPuppyDay to Eddie, the best pup on the Five-0 Task Force! #H50 https:‚Ä¶",99
0.0,Thu Mar 22 22:10:29 +0000 2018,CBS,1.0,0.0,0.0,Game on! 16 teams left and the race to the finish continues tonight. Stream #11 Loyola-Chicago vs #7 Nevada LIVE at‚Ä¶ https://t.co/W374rmzzoC,100
0.0,Thu Mar 29 08:48:13 +0000 2018,CNN,1.0,0.0,0.0,"Ireland, which has some of the strictest abortion laws in the developed world, will vote on whether abortion should‚Ä¶ https://t.co/JXJ3vTlW2U",1
0.0,Thu Mar 29 08:37:38 +0000 2018,CNN,1.0,0.0,0.0,"A lanyard around her neck held an ID card from the International Organization for Migration.

""I am a refugee from‚Ä¶ https://t.co/dNY589EbX0",2
0.0,Thu Mar 29 08:24:44 +0000 2018,CNN,1.0,0.0,0.0,"The far right's ""noxious populism"" has seeped into the highest halls of power in Germany | @CNNOpinion https://t.co/w6OYMyIAsk",3
0.0,Thu Mar 29 08:14:30 +0000 2018,CNN,1.0,0.0,0.0,The first case of super-resistant gonorrhea has been reported in the UK https://t.co/i2Xjjj1QmY https://t.co/z00NIFgHiO,4
-0.3182,Thu Mar 29 07:51:06 +0000 2018,CNN,0.892,0.108,0.0,So-called stumbling stones -- memorials to victims of the Holocaust -- bring history to life for a new generation o‚Ä¶ https://t.co/lmRncp6va2,5
0.0,Thu Mar 29 07:41:04 +0000 2018,CNN,1.0,0.0,0.0,Two commercial pilots flying over the Arizona desert claim they saw an unidentified flying object pass overhead https://t.co/AoxqHuBT4h,6
0.5719,Thu Mar 29 07:40:05 +0000 2018,CNN,0.709,0.0,0.291,Is art for pleasure or politics? https://t.co/Tht9kPmomp via @CNNStyle https://t.co/j216s534ZQ,7
-0.765,Thu Mar 29 07:22:05 +0000 2018,CNN,0.577,0.423,0.0,Disgraced Aussie cricketers returning home after ball tampering ban https://t.co/aCnN6T0EuB https://t.co/L29OhHuw8Y,8
-0.7845,Thu Mar 29 07:15:02 +0000 2018,CNN,0.588,0.341,0.071,Major companies are rushing to cut ties with top Australian cricket players who have been banned for cheating https://t.co/tADMGFEDRp,9
0.5267,Thu Mar 29 06:55:24 +0000 2018,CNN,0.455,0.182,0.364,A 12-year-old boy who survived cancer finally got his wish: a kiss from Pope Francis https://t.co/KaRc60GdZu https://t.co/QUhA0Y7TPB,10
-0.5574,Thu Mar 29 06:43:06 +0000 2018,CNN,0.854,0.146,0.0,"At least 68 people have died in a blaze that engulfed a jail in the Venezuelan city of Valencia, according to the c‚Ä¶ https://t.co/FVr5jPb0kM",11
0.2263,Thu Mar 29 06:42:21 +0000 2018,CNN,0.675,0.135,0.19,Boy in viral hug photo missing after family's car plunges off cliff https://t.co/nwFQnyi1GS,12
0.0,Thu Mar 29 06:31:05 +0000 2018,CNN,1.0,0.0,0.0,"13,000-year-old footprints were found off the Canadian coast https://t.co/bOr0PIbBNC https://t.co/TXFETKOcG4",13
0.0,Thu Mar 29 06:24:05 +0000 2018,CNN,1.0,0.0,0.0,"Kim Jong Un and Moon Jae-in are going to meet on April 27th for the first time since 2007, the two countries announ‚Ä¶ https://t.co/DBjzJS8ErG",14
0.5267,Thu Mar 29 06:16:59 +0000 2018,CNN,0.455,0.182,0.364,A 12-year-old boy who survived cancer finally got his wish: a kiss from Pope Francis https://t.co/KaRc60GdZu https://t.co/hbxtGVh4cr,15
-0.5267,Thu Mar 29 06:10:06 +0000 2018,CNN,0.707,0.212,0.082,"Trump's three-front legal war turns on sex, money and Russia | Analysis by @StCollinson https://t.co/WQOP3ShEXE https://t.co/jpwG3XLWym",16
0.0,Thu Mar 29 06:07:33 +0000 2018,CNN,1.0,0.0,0.0,RT @cnni: Historic meeting of North and South Korean leaders set for April 27th https://t.co/MCWvkJbFcp,17
0.0,Thu Mar 29 06:01:02 +0000 2018,CNN,1.0,0.0,0.0,"News that Cambridge Analytica, a data firm with ties to President Trump's campaign, reportedly accessed information‚Ä¶ https://t.co/zXJxncqU4g",18
0.0,Thu Mar 29 05:50:05 +0000 2018,CNN,1.0,0.0,0.0,"Nearly six years after being shot in the face and neck by the Taliban for advocating for the rights of girls, 20-ye‚Ä¶ https://t.co/KczXJChwpU",19
-0.5106,Thu Mar 29 05:46:06 +0000 2018,CNN,0.829,0.171,0.0,"All 22 Democratic and Republican female senators have written a letter expressing their ""deep disappointment"" in th‚Ä¶ https://t.co/7Nvy0XQNON",20
0.0,Thu Mar 29 08:48:13 +0000 2018,CNN,1.0,0.0,0.0,"Ireland, which has some of the strictest abortion laws in the developed world, will vote on whether abortion should‚Ä¶ https://t.co/JXJ3vTlW2U",21
0.0,Thu Mar 29 08:37:38 +0000 2018,CNN,1.0,0.0,0.0,"A lanyard around her neck held an ID card from the International Organization for Migration.

""I am a refugee from‚Ä¶ https://t.co/dNY589EbX0",22
0.0,Thu Mar 29 08:24:44 +0000 2018,CNN,1.0,0.0,0.0,"The far right's ""noxious populism"" has seeped into the highest halls of power in Germany | @CNNOpinion https://t.co/w6OYMyIAsk",23
0.0,Thu Mar 29 08:14:30 +0000 2018,CNN,1.0,0.0,0.0,The first case of super-resistant gonorrhea has been reported in the UK https://t.co/i2Xjjj1QmY https://t.co/z00NIFgHiO,24
-0.3182,Thu Mar 29 07:51:06 +0000 2018,CNN,0.892,0.108,0.0,So-called stumbling stones -- memorials to victims of the Holocaust -- bring history to life for a new generation o‚Ä¶ https://t.co/lmRncp6va2,25
0.0,Thu Mar 29 07:41:04 +0000 2018,CNN,1.0,0.0,0.0,Two commercial pilots flying over the Arizona desert claim they saw an unidentified flying object pass overhead https://t.co/AoxqHuBT4h,26
0.5719,Thu Mar 29 07:40:05 +0000 2018,CNN,0.709,0.0,0.291,Is art for pleasure or politics? https://t.co/Tht9kPmomp via @CNNStyle https://t.co/j216s534ZQ,27
-0.765,Thu Mar 29 07:22:05 +0000 2018,CNN,0.577,0.423,0.0,Disgraced Aussie cricketers returning home after ball tampering ban https://t.co/aCnN6T0EuB https://t.co/L29OhHuw8Y,28
-0.7845,Thu Mar 29 07:15:02 +0000 2018,CNN,0.588,0.341,0.071,Major companies are rushing to cut ties with top Australian cricket players who have been banned for cheating https://t.co/tADMGFEDRp,29
0.5267,Thu Mar 29 06:55:24 +0000 2018,CNN,0.455,0.182,0.364,A 12-year-old boy who survived cancer finally got his wish: a kiss from Pope Francis https://t.co/KaRc60GdZu https://t.co/QUhA0Y7TPB,30
-0.5574,Thu Mar 29 06:43:06 +0000 2018,CNN,0.854,0.146,0.0,"At least 68 people have died in a blaze that engulfed a jail in the Venezuelan city of Valencia, according to the c‚Ä¶ https://t.co/FVr5jPb0kM",31
0.2263,Thu Mar 29 06:42:21 +0000 2018,CNN,0.675,0.135,0.19,Boy in viral hug photo missing after family's car plunges off cliff https://t.co/nwFQnyi1GS,32
0.0,Thu Mar 29 06:31:05 +0000 2018,CNN,1.0,0.0,0.0,"13,000-year-old footprints were found off the Canadian coast https://t.co/bOr0PIbBNC https://t.co/TXFETKOcG4",33
0.0,Thu Mar 29 06:24:05 +0000 2018,CNN,1.0,0.0,0.0,"Kim Jong Un and Moon Jae-in are going to meet on April 27th for the first time since 2007, the two countries announ‚Ä¶ https://t.co/DBjzJS8ErG",34
0.5267,Thu Mar 29 06:16:59 +0000 2018,CNN,0.455,0.182,0.364,A 12-year-old boy who survived cancer finally got his wish: a kiss from Pope Francis https://t.co/KaRc60GdZu https://t.co/hbxtGVh4cr,35
-0.5267,Thu Mar 29 06:10:06 +0000 2018,CNN,0.707,0.212,0.082,"Trump's three-front legal war turns on sex, money and Russia | Analysis by @StCollinson https://t.co/WQOP3ShEXE https://t.co/jpwG3XLWym",36
0.0,Thu Mar 29 06:07:33 +0000 2018,CNN,1.0,0.0,0.0,RT @cnni: Historic meeting of North and South Korean leaders set for April 27th https://t.co/MCWvkJbFcp,37
0.0,Thu Mar 29 06:01:02 +0000 2018,CNN,1.0,0.0,0.0,"News that Cambridge Analytica, a data firm with ties to President Trump's campaign, reportedly accessed information‚Ä¶ https://t.co/zXJxncqU4g",38
0.0,Thu Mar 29 05:50:05 +0000 2018,CNN,1.0,0.0,0.0,"Nearly six years after being shot in the face and neck by the Taliban for advocating for the rights of girls, 20-ye‚Ä¶ https://t.co/KczXJChwpU",39
-0.5106,Thu Mar 29 05:46:06 +0000 2018,CNN,0.829,0.171,0.0,"All 22 Democratic and Republican female senators have written a letter expressing their ""deep disappointment"" in th‚Ä¶ https://t.co/7Nvy0XQNON",40
0.0,Thu Mar 29 08:48:13 +0000 2018,CNN,1.0,0.0,0.0,"Ireland, which has some of the strictest abortion laws in the developed world, will vote on whether abortion should‚Ä¶ https://t.co/JXJ3vTlW2U",41
0.0,Thu Mar 29 08:37:38 +0000 2018,CNN,1.0,0.0,0.0,"A lanyard around her neck held an ID card from the International Organization for Migration.

""I am a refugee from‚Ä¶ https://t.co/dNY589EbX0",42
0.0,Thu Mar 29 08:24:44 +0000 2018,CNN,1.0,0.0,0.0,"The far right's ""noxious populism"" has seeped into the highest halls of power in Germany | @CNNOpinion https://t.co/w6OYMyIAsk",43
0.0,Thu Mar 29 08:14:30 +0000 2018,CNN,1.0,0.0,0.0,The first case of super-resistant gonorrhea has been reported in the UK https://t.co/i2Xjjj1QmY https://t.co/z00NIFgHiO,44
-0.3182,Thu Mar 29 07:51:06 +0000 2018,CNN,0.892,0.108,0.0,So-called stumbling stones -- memorials to victims of the Holocaust -- bring history to life for a new generation o‚Ä¶ https://t.co/lmRncp6va2,45
0.0,Thu Mar 29 07:41:04 +0000 2018,CNN,1.0,0.0,0.0,Two commercial pilots flying over the Arizona desert claim they saw an unidentified flying object pass overhead https://t.co/AoxqHuBT4h,46
0.5719,Thu Mar 29 07:40:05 +0000 2018,CNN,0.709,0.0,0.291,Is art for pleasure or politics? https://t.co/Tht9kPmomp via @CNNStyle https://t.co/j216s534ZQ,47
-0.765,Thu Mar 29 07:22:05 +0000 2018,CNN,0.577,0.423,0.0,Disgraced Aussie cricketers returning home after ball tampering ban https://t.co/aCnN6T0EuB https://t.co/L29OhHuw8Y,48
-0.7845,Thu Mar 29 07:15:02 +0000 2018,CNN,0.588,0.341,0.071,Major companies are rushing to cut ties with top Australian cricket players who have been banned for cheating https://t.co/tADMGFEDRp,49
0.5267,Thu Mar 29 06:55:24 +0000 2018,CNN,0.455,0.182,0.364,A 12-year-old boy who survived cancer finally got his wish: a kiss from Pope Francis https://t.co/KaRc60GdZu https://t.co/QUhA0Y7TPB,50
-0.5574,Thu Mar 29 06:43:06 +0000 2018,CNN,0.854,0.146,0.0,"At least 68 people have died in a blaze that engulfed a jail in the Venezuelan city of Valencia, according to the c‚Ä¶ https://t.co/FVr5jPb0kM",51
0.2263,Thu Mar 29 06:42:21 +0000 2018,CNN,0.675,0.135,0.19,Boy in viral hug photo missing after family's car plunges off cliff https://t.co/nwFQnyi1GS,52
0.0,Thu Mar 29 06:31:05 +0000 2018,CNN,1.0,0.0,0.0,"13,000-year-old footprints were found off the Canadian coast https://t.co/bOr0PIbBNC https://t.co/TXFETKOcG4",53
0.0,Thu Mar 29 06:24:05 +0000 2018,CNN,1.0,0.0,0.0,"Kim Jong Un and Moon Jae-in are going to meet on April 27th for the first time since 2007, the two countries announ‚Ä¶ https://t.co/DBjzJS8ErG",54
0.5267,Thu Mar 29 06:16:59 +0000 2018,CNN,0.455,0.182,0.364,A 12-year-old boy who survived cancer finally got his wish: a kiss from Pope Francis https://t.co/KaRc60GdZu https://t.co/hbxtGVh4cr,55
-0.5267,Thu Mar 29 06:10:06 +0000 2018,CNN,0.707,0.212,0.082,"Trump's three-front legal war turns on sex, money and Russia | Analysis by @StCollinson https://t.co/WQOP3ShEXE https://t.co/jpwG3XLWym",56
0.0,Thu Mar 29 06:07:33 +0000 2018,CNN,1.0,0.0,0.0,RT @cnni: Historic meeting of North and South Korean leaders set for April 27th https://t.co/MCWvkJbFcp,57
0.0,Thu Mar 29 06:01:02 +0000 2018,CNN,1.0,0.0,0.0,"News that Cambridge Analytica, a data firm with ties to President Trump's campaign, reportedly accessed information‚Ä¶ https://t.co/zXJxncqU4g",58
0.0,Thu Mar 29 05:50:05 +0000 2018,CNN,1.0,0.0,0.0,"Nearly six years after being shot in the face and neck by the Taliban for advocating for the rights of girls, 20-ye‚Ä¶ https://t.co/KczXJChwpU",59
-0.5106,Thu Mar 29 05:46:06 +0000 2018,CNN,0.829,0.171,0.0,"All 22 Democratic and Republican female senators have written a letter expressing their ""deep disappointment"" in th‚Ä¶ https://t.co/7Nvy0XQNON",60
0.0,Thu Mar 29 08:48:13 +0000 2018,CNN,1.0,0.0,0.0,"Ireland, which has some of the strictest abortion laws in the developed world, will vote on whether abortion should‚Ä¶ https://t.co/JXJ3vTlW2U",61
0.0,Thu Mar 29 08:37:38 +0000 2018,CNN,1.0,0.0,0.0,"A lanyard around her neck held an ID card from the International Organization for Migration.

""I am a refugee from‚Ä¶ https://t.co/dNY589EbX0",62
0.0,Thu Mar 29 08:24:44 +0000 2018,CNN,1.0,0.0,0.0,"The far right's ""noxious populism"" has seeped into the highest halls of power in Germany | @CNNOpinion https://t.co/w6OYMyIAsk",63
0.0,Thu Mar 29 08:14:30 +0000 2018,CNN,1.0,0.0,0.0,The first case of super-resistant gonorrhea has been reported in the UK https://t.co/i2Xjjj1QmY https://t.co/z00NIFgHiO,64
-0.3182,Thu Mar 29 07:51:06 +0000 2018,CNN,0.892,0.108,0.0,So-called stumbling stones -- memorials to victims of the Holocaust -- bring history to life for a new generation o‚Ä¶ https://t.co/lmRncp6va2,65
0.0,Thu Mar 29 07:41:04 +0000 2018,CNN,1.0,0.0,0.0,Two commercial pilots flying over the Arizona desert claim they saw an unidentified flying object pass overhead https://t.co/AoxqHuBT4h,66
0.5719,Thu Mar 29 07:40:05 +0000 2018,CNN,0.709,0.0,0.291,Is art for pleasure or politics? https://t.co/Tht9kPmomp via @CNNStyle https://t.co/j216s534ZQ,67
-0.765,Thu Mar 29 07:22:05 +0000 2018,CNN,0.577,0.423,0.0,Disgraced Aussie cricketers returning home after ball tampering ban https://t.co/aCnN6T0EuB https://t.co/L29OhHuw8Y,68
-0.7845,Thu Mar 29 07:15:02 +0000 2018,CNN,0.588,0.341,0.071,Major companies are rushing to cut ties with top Australian cricket players who have been banned for cheating https://t.co/tADMGFEDRp,69
0.5267,Thu Mar 29 06:55:24 +0000 2018,CNN,0.455,0.182,0.364,A 12-year-old boy who survived cancer finally got his wish: a kiss from Pope Francis https://t.co/KaRc60GdZu https://t.co/QUhA0Y7TPB,70
-0.5574,Thu Mar 29 06:43:06 +0000 2018,CNN,0.854,0.146,0.0,"At least 68 people have died in a blaze that engulfed a jail in the Venezuelan city of Valencia, according to the c‚Ä¶ https://t.co/FVr5jPb0kM",71
0.2263,Thu Mar 29 06:42:21 +0000 2018,CNN,0.675,0.135,0.19,Boy in viral hug photo missing after family's car plunges off cliff https://t.co/nwFQnyi1GS,72
0.0,Thu Mar 29 06:31:05 +0000 2018,CNN,1.0,0.0,0.0,"13,000-year-old footprints were found off the Canadian coast https://t.co/bOr0PIbBNC https://t.co/TXFETKOcG4",73
0.0,Thu Mar 29 06:24:05 +0000 2018,CNN,1.0,0.0,0.0,"Kim Jong Un and Moon Jae-in are going to meet on April 27th for the first time since 2007, the two countries announ‚Ä¶ https://t.co/DBjzJS8ErG",74
0.5267,Thu Mar 29 06:16:59 +0000 2018,CNN,0.455,0.182,0.364,A 12-year-old boy who survived cancer finally got his wish: a kiss from Pope Francis https://t.co/KaRc60GdZu https://t.co/hbxtGVh4cr,75
-0.5267,Thu Mar 29 06:10:06 +0000 2018,CNN,0.707,0.212,0.082,"Trump's three-front legal war turns on sex, money and Russia | Analysis by @StCollinson https://t.co/WQOP3ShEXE https://t.co/jpwG3XLWym",76
0.0,Thu Mar 29 06:07:33 +0000 2018,CNN,1.0,0.0,0.0,RT @cnni: Historic meeting of North and South Korean leaders set for April 27th https://t.co/MCWvkJbFcp,77
0.0,Thu Mar 29 06:01:02 +0000 2018,CNN,1.0,0.0,0.0,"News that Cambridge Analytica, a data firm with ties to President Trump's campaign, reportedly accessed information‚Ä¶ https://t.co/zXJxncqU4g",78
0.0,Thu Mar 29 05:50:05 +0000 2018,CNN,1.0,0.0,0.0,"Nearly six years after being shot in the face and neck by the Taliban for advocating for the rights of girls, 20-ye‚Ä¶ https://t.co/KczXJChwpU",79
-0.5106,Thu Mar 29 05:46:06 +0000 2018,CNN,0.829,0.171,0.0,"All 22 Democratic and Republican female senators have written a letter expressing their ""deep disappointment"" in th‚Ä¶ https://t.co/7Nvy0XQNON",80
0.0,Thu Mar 29 08:48:13 +0000 2018,CNN,1.0,0.0,0.0,"Ireland, which has some of the strictest abortion laws in the developed world, will vote on whether abortion should‚Ä¶ https://t.co/JXJ3vTlW2U",81
0.0,Thu Mar 29 08:37:38 +0000 2018,CNN,1.0,0.0,0.0,"A lanyard around her neck held an ID card from the International Organization for Migration.

""I am a refugee from‚Ä¶ https://t.co/dNY589EbX0",82
0.0,Thu Mar 29 08:24:44 +0000 2018,CNN,1.0,0.0,0.0,"The far right's ""noxious populism"" has seeped into the highest halls of power in Germany | @CNNOpinion https://t.co/w6OYMyIAsk",83
0.0,Thu Mar 29 08:14:30 +0000 2018,CNN,1.0,0.0,0.0,The first case of super-resistant gonorrhea has been reported in the UK https://t.co/i2Xjjj1QmY https://t.co/z00NIFgHiO,84
-0.3182,Thu Mar 29 07:51:06 +0000 2018,CNN,0.892,0.108,0.0,So-called stumbling stones -- memorials to victims of the Holocaust -- bring history to life for a new generation o‚Ä¶ https://t.co/lmRncp6va2,85
0.0,Thu Mar 29 07:41:04 +0000 2018,CNN,1.0,0.0,0.0,Two commercial pilots flying over the Arizona desert claim they saw an unidentified flying object pass overhead https://t.co/AoxqHuBT4h,86
0.5719,Thu Mar 29 07:40:05 +0000 2018,CNN,0.709,0.0,0.291,Is art for pleasure or politics? https://t.co/Tht9kPmomp via @CNNStyle https://t.co/j216s534ZQ,87
-0.765,Thu Mar 29 07:22:05 +0000 2018,CNN,0.577,0.423,0.0,Disgraced Aussie cricketers returning home after ball tampering ban https://t.co/aCnN6T0EuB https://t.co/L29OhHuw8Y,88
-0.7845,Thu Mar 29 07:15:02 +0000 2018,CNN,0.588,0.341,0.071,Major companies are rushing to cut ties with top Australian cricket players who have been banned for cheating https://t.co/tADMGFEDRp,89
0.5267,Thu Mar 29 06:55:24 +0000 2018,CNN,0.455,0.182,0.364,A 12-year-old boy who survived cancer finally got his wish: a kiss from Pope Francis https://t.co/KaRc60GdZu https://t.co/QUhA0Y7TPB,90
-0.5574,Thu Mar 29 06:43:06 +0000 2018,CNN,0.854,0.146,0.0,"At least 68 people have died in a blaze that engulfed a jail in the Venezuelan city of Valencia, according to the c‚Ä¶ https://t.co/FVr5jPb0kM",91
0.2263,Thu Mar 29 06:42:21 +0000 2018,CNN,0.675,0.135,0.19,Boy in viral hug photo missing after family's car plunges off cliff https://t.co/nwFQnyi1GS,92
0.0,Thu Mar 29 06:31:05 +0000 2018,CNN,1.0,0.0,0.0,"13,000-year-old footprints were found off the Canadian coast https://t.co/bOr0PIbBNC https://t.co/TXFETKOcG4",93
0.0,Thu Mar 29 06:24:05 +0000 2018,CNN,1.0,0.0,0.0,"Kim Jong Un and Moon Jae-in are going to meet on April 27th for the first time since 2007, the two countries announ‚Ä¶ https://t.co/DBjzJS8ErG",94
0.5267,Thu Mar 29 06:16:59 +0000 2018,CNN,0.455,0.182,0.364,A 12-year-old boy who survived cancer finally got his wish: a kiss from Pope Francis https://t.co/KaRc60GdZu https://t.co/hbxtGVh4cr,95
-0.5267,Thu Mar 29 06:10:06 +0000 2018,CNN,0.707,0.212,0.082,"Trump's three-front legal war turns on sex, money and Russia | Analysis by @StCollinson https://t.co/WQOP3ShEXE https://t.co/jpwG3XLWym",96
0.0,Thu Mar 29 06:07:33 +0000 2018,CNN,1.0,0.0,0.0,RT @cnni: Historic meeting of North and South Korean leaders set for April 27th https://t.co/MCWvkJbFcp,97
0.0,Thu Mar 29 06:01:02 +0000 2018,CNN,1.0,0.0,0.0,"News that Cambridge Analytica, a data firm with ties to President Trump's campaign, reportedly accessed information‚Ä¶ https://t.co/zXJxncqU4g",98
0.0,Thu Mar 29 05:50:05 +0000 2018,CNN,1.0,0.0,0.0,"Nearly six years after being shot in the face and neck by the Taliban for advocating for the rights of girls, 20-ye‚Ä¶ https://t.co/KczXJChwpU",99
-0.5106,Thu Mar 29 05:46:06 +0000 2018,CNN,0.829,0.171,0.0,"All 22 Democratic and Republican female senators have written a letter expressing their ""deep disappointment"" in th‚Ä¶ https://t.co/7Nvy0XQNON",100
0.6486,Thu Mar 29 01:21:51 +0000 2018,FOX,0.706,0.063,0.231,RT @ShowtimeApollo: This week‚Äôs talent will have you texting and calling your friends. Don‚Äôt miss an all-new episode of #ShowtimeApollo TOM‚Ä¶,1
0.0,Thu Mar 29 00:02:00 +0000 2018,FOX,1.0,0.0,0.0,The üëè girls üëè are üëè back üëè ‚Äî TONIGHT at 9/8c. #STAR https://t.co/ACg5bpWS9W,2
0.0,Wed Mar 28 23:45:34 +0000 2018,FOX,1.0,0.0,0.0,"RT @TwitterTV: Talk @EmpireFOX before the episode airs.

Watch the #EmpirePreShow right here. üëá

https://t.co/zb97km0uiT",3
0.0,Wed Mar 28 23:45:09 +0000 2018,FOX,1.0,0.0,0.0,RT @LAtoVegasFOX: ...And you can take that to Church. #LAtoVegas https://t.co/4BmOGPzIIi,4
0.0,Wed Mar 28 23:17:14 +0000 2018,FOX,1.0,0.0,0.0,RT @MasterChefJrFOX: Is your family a foodie family? Show us how you and your kids cook in the kitchen by using the hashtag #MCJatHome and‚Ä¶,5
0.2103,Wed Mar 28 20:32:00 +0000 2018,FOX,0.599,0.173,0.228,An embarrassing school dance with #TheMick? HECK YES. #BTS https://t.co/gGk2BVlxyP https://t.co/WuaxEIOtw0,6
0.0,Wed Mar 28 18:25:40 +0000 2018,FOX,1.0,0.0,0.0,RT @ShowtimeApollo: Can Robert Lamberti live up to George Michael‚Äôs legacy? Watch #ShowtimeApollo this Thursday on @FOXTV! https://t.co/7HW‚Ä¶,7
0.6696,Wed Mar 28 18:25:30 +0000 2018,FOX,0.791,0.0,0.209,"RT @LoveConnection: Love is in bloom this spring! üíïüåπ @Andy returns to host #LoveConnection, premiering May 29. https://t.co/7VsGi7oDDW",8
0.0,Wed Mar 28 18:25:22 +0000 2018,FOX,1.0,0.0,0.0,RT @DANCEonFOX: Surround yourself with people who will lift you higher! üëØ #WednesdayWisdom #SYTYCD https://t.co/ZF35GhBGI3,9
0.0,Wed Mar 28 16:04:00 +0000 2018,FOX,1.0,0.0,0.0,"Bring your sunnies, 'cause it's gonna get shady tonight. üòé #Empire is back at 8/7c! https://t.co/hzIWmHvPIl",10
0.4843,Wed Mar 28 13:09:00 +0000 2018,FOX,0.726,0.0,0.274,Don't miss out on a party of biblical proportions. Stream #LAtoVegas now: https://t.co/nfqVfhytVZ https://t.co/BqbGNkXZFE,11
0.0,Wed Mar 28 00:00:01 +0000 2018,FOX,1.0,0.0,0.0,When you start a new diet. #Gotham https://t.co/NSqyaStoqc,12
0.0,Tue Mar 27 22:06:00 +0000 2018,FOX,1.0,0.0,0.0,Ask and you shall receive. #TheMick is all-new tonight at 9:30/8:30c. https://t.co/mtnW4eMrVd,13
0.0,Tue Mar 27 16:05:00 +0000 2018,FOX,1.0,0.0,0.0,THE queen is back TOMORROW at 8/7c. üç™ #Empire https://t.co/Ozt5Q8vq9E,14
0.0772,Tue Mar 27 14:30:46 +0000 2018,FOX,0.909,0.0,0.091,We know you want to hang with the üòà. Watch #Lucifer here: https://t.co/h5bo0Rssi1 https://t.co/ATzlGP0wH2,15
0.3252,Mon Mar 26 23:07:00 +0000 2018,FOX,0.75,0.0,0.25,You're not gonna regret watching #Brooklyn99: https://t.co/8TLAOpmS6S https://t.co/0f6a4lTkd9,16
0.5423,Mon Mar 26 20:00:03 +0000 2018,FOX,0.769,0.0,0.231,"It's Bob's Barber now. Dad jokes aside, this episode of #BobsBurgers is shear comedy gold. ‚úÇÔ∏è‚Ä¶ https://t.co/AHVVO96D4q",17
0.0,Mon Mar 26 16:15:00 +0000 2018,FOX,1.0,0.0,0.0,When there's a new episode of #FamilyGuy to watch. https://t.co/sNcLVmWGqd https://t.co/YVXj73DzB3,18
0.3182,Mon Mar 26 13:30:00 +0000 2018,FOX,0.635,0.0,0.365,Live your truth. #LastManOnEarth https://t.co/eyDZUvSrQm,19
0.0,Sun Mar 25 21:00:00 +0000 2018,FOX,1.0,0.0,0.0,When #TheSimpsons is on. üëÄ See ya tonight at 8/7c. https://t.co/VPxSLTozxl,20
0.6486,Thu Mar 29 01:21:51 +0000 2018,FOX,0.706,0.063,0.231,RT @ShowtimeApollo: This week‚Äôs talent will have you texting and calling your friends. Don‚Äôt miss an all-new episode of #ShowtimeApollo TOM‚Ä¶,21
0.0,Thu Mar 29 00:02:00 +0000 2018,FOX,1.0,0.0,0.0,The üëè girls üëè are üëè back üëè ‚Äî TONIGHT at 9/8c. #STAR https://t.co/ACg5bpWS9W,22
0.0,Wed Mar 28 23:45:34 +0000 2018,FOX,1.0,0.0,0.0,"RT @TwitterTV: Talk @EmpireFOX before the episode airs.

Watch the #EmpirePreShow right here. üëá

https://t.co/zb97km0uiT",23
0.0,Wed Mar 28 23:45:09 +0000 2018,FOX,1.0,0.0,0.0,RT @LAtoVegasFOX: ...And you can take that to Church. #LAtoVegas https://t.co/4BmOGPzIIi,24
0.0,Wed Mar 28 23:17:14 +0000 2018,FOX,1.0,0.0,0.0,RT @MasterChefJrFOX: Is your family a foodie family? Show us how you and your kids cook in the kitchen by using the hashtag #MCJatHome and‚Ä¶,25
0.2103,Wed Mar 28 20:32:00 +0000 2018,FOX,0.599,0.173,0.228,An embarrassing school dance with #TheMick? HECK YES. #BTS https://t.co/gGk2BVlxyP https://t.co/WuaxEIOtw0,26
0.0,Wed Mar 28 18:25:40 +0000 2018,FOX,1.0,0.0,0.0,RT @ShowtimeApollo: Can Robert Lamberti live up to George Michael‚Äôs legacy? Watch #ShowtimeApollo this Thursday on @FOXTV! https://t.co/7HW‚Ä¶,27
0.6696,Wed Mar 28 18:25:30 +0000 2018,FOX,0.791,0.0,0.209,"RT @LoveConnection: Love is in bloom this spring! üíïüåπ @Andy returns to host #LoveConnection, premiering May 29. https://t.co/7VsGi7oDDW",28
0.0,Wed Mar 28 18:25:22 +0000 2018,FOX,1.0,0.0,0.0,RT @DANCEonFOX: Surround yourself with people who will lift you higher! üëØ #WednesdayWisdom #SYTYCD https://t.co/ZF35GhBGI3,29
0.0,Wed Mar 28 16:04:00 +0000 2018,FOX,1.0,0.0,0.0,"Bring your sunnies, 'cause it's gonna get shady tonight. üòé #Empire is back at 8/7c! https://t.co/hzIWmHvPIl",30
0.4843,Wed Mar 28 13:09:00 +0000 2018,FOX,0.726,0.0,0.274,Don't miss out on a party of biblical proportions. Stream #LAtoVegas now: https://t.co/nfqVfhytVZ https://t.co/BqbGNkXZFE,31
0.0,Wed Mar 28 00:00:01 +0000 2018,FOX,1.0,0.0,0.0,When you start a new diet. #Gotham https://t.co/NSqyaStoqc,32
0.0,Tue Mar 27 22:06:00 +0000 2018,FOX,1.0,0.0,0.0,Ask and you shall receive. #TheMick is all-new tonight at 9:30/8:30c. https://t.co/mtnW4eMrVd,33
0.0,Tue Mar 27 16:05:00 +0000 2018,FOX,1.0,0.0,0.0,THE queen is back TOMORROW at 8/7c. üç™ #Empire https://t.co/Ozt5Q8vq9E,34
0.0772,Tue Mar 27 14:30:46 +0000 2018,FOX,0.909,0.0,0.091,We know you want to hang with the üòà. Watch #Lucifer here: https://t.co/h5bo0Rssi1 https://t.co/ATzlGP0wH2,35
0.3252,Mon Mar 26 23:07:00 +0000 2018,FOX,0.75,0.0,0.25,You're not gonna regret watching #Brooklyn99: https://t.co/8TLAOpmS6S https://t.co/0f6a4lTkd9,36
0.5423,Mon Mar 26 20:00:03 +0000 2018,FOX,0.769,0.0,0.231,"It's Bob's Barber now. Dad jokes aside, this episode of #BobsBurgers is shear comedy gold. ‚úÇÔ∏è‚Ä¶ https://t.co/AHVVO96D4q",37
0.0,Mon Mar 26 16:15:00 +0000 2018,FOX,1.0,0.0,0.0,When there's a new episode of #FamilyGuy to watch. https://t.co/sNcLVmWGqd https://t.co/YVXj73DzB3,38
0.3182,Mon Mar 26 13:30:00 +0000 2018,FOX,0.635,0.0,0.365,Live your truth. #LastManOnEarth https://t.co/eyDZUvSrQm,39
0.0,Sun Mar 25 21:00:00 +0000 2018,FOX,1.0,0.0,0.0,When #TheSimpsons is on. üëÄ See ya tonight at 8/7c. https://t.co/VPxSLTozxl,40
0.6486,Thu Mar 29 01:21:51 +0000 2018,FOX,0.706,0.063,0.231,RT @ShowtimeApollo: This week‚Äôs talent will have you texting and calling your friends. Don‚Äôt miss an all-new episode of #ShowtimeApollo TOM‚Ä¶,41
0.0,Thu Mar 29 00:02:00 +0000 2018,FOX,1.0,0.0,0.0,The üëè girls üëè are üëè back üëè ‚Äî TONIGHT at 9/8c. #STAR https://t.co/ACg5bpWS9W,42
0.0,Wed Mar 28 23:45:34 +0000 2018,FOX,1.0,0.0,0.0,"RT @TwitterTV: Talk @EmpireFOX before the episode airs.

Watch the #EmpirePreShow right here. üëá

https://t.co/zb97km0uiT",43
0.0,Wed Mar 28 23:45:09 +0000 2018,FOX,1.0,0.0,0.0,RT @LAtoVegasFOX: ...And you can take that to Church. #LAtoVegas https://t.co/4BmOGPzIIi,44
0.0,Wed Mar 28 23:17:14 +0000 2018,FOX,1.0,0.0,0.0,RT @MasterChefJrFOX: Is your family a foodie family? Show us how you and your kids cook in the kitchen by using the hashtag #MCJatHome and‚Ä¶,45
0.2103,Wed Mar 28 20:32:00 +0000 2018,FOX,0.599,0.173,0.228,An embarrassing school dance with #TheMick? HECK YES. #BTS https://t.co/gGk2BVlxyP https://t.co/WuaxEIOtw0,46
0.0,Wed Mar 28 18:25:40 +0000 2018,FOX,1.0,0.0,0.0,RT @ShowtimeApollo: Can Robert Lamberti live up to George Michael‚Äôs legacy? Watch #ShowtimeApollo this Thursday on @FOXTV! https://t.co/7HW‚Ä¶,47
0.6696,Wed Mar 28 18:25:30 +0000 2018,FOX,0.791,0.0,0.209,"RT @LoveConnection: Love is in bloom this spring! üíïüåπ @Andy returns to host #LoveConnection, premiering May 29. https://t.co/7VsGi7oDDW",48
0.0,Wed Mar 28 18:25:22 +0000 2018,FOX,1.0,0.0,0.0,RT @DANCEonFOX: Surround yourself with people who will lift you higher! üëØ #WednesdayWisdom #SYTYCD https://t.co/ZF35GhBGI3,49
0.0,Wed Mar 28 16:04:00 +0000 2018,FOX,1.0,0.0,0.0,"Bring your sunnies, 'cause it's gonna get shady tonight. üòé #Empire is back at 8/7c! https://t.co/hzIWmHvPIl",50
0.4843,Wed Mar 28 13:09:00 +0000 2018,FOX,0.726,0.0,0.274,Don't miss out on a party of biblical proportions. Stream #LAtoVegas now: https://t.co/nfqVfhytVZ https://t.co/BqbGNkXZFE,51
0.0,Wed Mar 28 00:00:01 +0000 2018,FOX,1.0,0.0,0.0,When you start a new diet. #Gotham https://t.co/NSqyaStoqc,52
0.0,Tue Mar 27 22:06:00 +0000 2018,FOX,1.0,0.0,0.0,Ask and you shall receive. #TheMick is all-new tonight at 9:30/8:30c. https://t.co/mtnW4eMrVd,53
0.0,Tue Mar 27 16:05:00 +0000 2018,FOX,1.0,0.0,0.0,THE queen is back TOMORROW at 8/7c. üç™ #Empire https://t.co/Ozt5Q8vq9E,54
0.0772,Tue Mar 27 14:30:46 +0000 2018,FOX,0.909,0.0,0.091,We know you want to hang with the üòà. Watch #Lucifer here: https://t.co/h5bo0Rssi1 https://t.co/ATzlGP0wH2,55
0.3252,Mon Mar 26 23:07:00 +0000 2018,FOX,0.75,0.0,0.25,You're not gonna regret watching #Brooklyn99: https://t.co/8TLAOpmS6S https://t.co/0f6a4lTkd9,56
0.5423,Mon Mar 26 20:00:03 +0000 2018,FOX,0.769,0.0,0.231,"It's Bob's Barber now. Dad jokes aside, this episode of #BobsBurgers is shear comedy gold. ‚úÇÔ∏è‚Ä¶ https://t.co/AHVVO96D4q",57
0.0,Mon Mar 26 16:15:00 +0000 2018,FOX,1.0,0.0,0.0,When there's a new episode of #FamilyGuy to watch. https://t.co/sNcLVmWGqd https://t.co/YVXj73DzB3,58
0.3182,Mon Mar 26 13:30:00 +0000 2018,FOX,0.635,0.0,0.365,Live your truth. #LastManOnEarth https://t.co/eyDZUvSrQm,59
0.0,Sun Mar 25 21:00:00 +0000 2018,FOX,1.0,0.0,0.0,When #TheSimpsons is on. üëÄ See ya tonight at 8/7c. https://t.co/VPxSLTozxl,60
0.6486,Thu Mar 29 01:21:51 +0000 2018,FOX,0.706,0.063,0.231,RT @ShowtimeApollo: This week‚Äôs talent will have you texting and calling your friends. Don‚Äôt miss an all-new episode of #ShowtimeApollo TOM‚Ä¶,61
0.0,Thu Mar 29 00:02:00 +0000 2018,FOX,1.0,0.0,0.0,The üëè girls üëè are üëè back üëè ‚Äî TONIGHT at 9/8c. #STAR https://t.co/ACg5bpWS9W,62
0.0,Wed Mar 28 23:45:34 +0000 2018,FOX,1.0,0.0,0.0,"RT @TwitterTV: Talk @EmpireFOX before the episode airs.

Watch the #EmpirePreShow right here. üëá

https://t.co/zb97km0uiT",63
0.0,Wed Mar 28 23:45:09 +0000 2018,FOX,1.0,0.0,0.0,RT @LAtoVegasFOX: ...And you can take that to Church. #LAtoVegas https://t.co/4BmOGPzIIi,64
0.0,Wed Mar 28 23:17:14 +0000 2018,FOX,1.0,0.0,0.0,RT @MasterChefJrFOX: Is your family a foodie family? Show us how you and your kids cook in the kitchen by using the hashtag #MCJatHome and‚Ä¶,65
0.2103,Wed Mar 28 20:32:00 +0000 2018,FOX,0.599,0.173,0.228,An embarrassing school dance with #TheMick? HECK YES. #BTS https://t.co/gGk2BVlxyP https://t.co/WuaxEIOtw0,66
0.0,Wed Mar 28 18:25:40 +0000 2018,FOX,1.0,0.0,0.0,RT @ShowtimeApollo: Can Robert Lamberti live up to George Michael‚Äôs legacy? Watch #ShowtimeApollo this Thursday on @FOXTV! https://t.co/7HW‚Ä¶,67
0.6696,Wed Mar 28 18:25:30 +0000 2018,FOX,0.791,0.0,0.209,"RT @LoveConnection: Love is in bloom this spring! üíïüåπ @Andy returns to host #LoveConnection, premiering May 29. https://t.co/7VsGi7oDDW",68
0.0,Wed Mar 28 18:25:22 +0000 2018,FOX,1.0,0.0,0.0,RT @DANCEonFOX: Surround yourself with people who will lift you higher! üëØ #WednesdayWisdom #SYTYCD https://t.co/ZF35GhBGI3,69
0.0,Wed Mar 28 16:04:00 +0000 2018,FOX,1.0,0.0,0.0,"Bring your sunnies, 'cause it's gonna get shady tonight. üòé #Empire is back at 8/7c! https://t.co/hzIWmHvPIl",70
0.4843,Wed Mar 28 13:09:00 +0000 2018,FOX,0.726,0.0,0.274,Don't miss out on a party of biblical proportions. Stream #LAtoVegas now: https://t.co/nfqVfhytVZ https://t.co/BqbGNkXZFE,71
0.0,Wed Mar 28 00:00:01 +0000 2018,FOX,1.0,0.0,0.0,When you start a new diet. #Gotham https://t.co/NSqyaStoqc,72
0.0,Tue Mar 27 22:06:00 +0000 2018,FOX,1.0,0.0,0.0,Ask and you shall receive. #TheMick is all-new tonight at 9:30/8:30c. https://t.co/mtnW4eMrVd,73
0.0,Tue Mar 27 16:05:00 +0000 2018,FOX,1.0,0.0,0.0,THE queen is back TOMORROW at 8/7c. üç™ #Empire https://t.co/Ozt5Q8vq9E,74
0.0772,Tue Mar 27 14:30:46 +0000 2018,FOX,0.909,0.0,0.091,We know you want to hang with the üòà. Watch #Lucifer here: https://t.co/h5bo0Rssi1 https://t.co/ATzlGP0wH2,75
0.3252,Mon Mar 26 23:07:00 +0000 2018,FOX,0.75,0.0,0.25,You're not gonna regret watching #Brooklyn99: https://t.co/8TLAOpmS6S https://t.co/0f6a4lTkd9,76
0.5423,Mon Mar 26 20:00:03 +0000 2018,FOX,0.769,0.0,0.231,"It's Bob's Barber now. Dad jokes aside, this episode of #BobsBurgers is shear comedy gold. ‚úÇÔ∏è‚Ä¶ https://t.co/AHVVO96D4q",77
0.0,Mon Mar 26 16:15:00 +0000 2018,FOX,1.0,0.0,0.0,When there's a new episode of #FamilyGuy to watch. https://t.co/sNcLVmWGqd https://t.co/YVXj73DzB3,78
0.3182,Mon Mar 26 13:30:00 +0000 2018,FOX,0.635,0.0,0.365,Live your truth. #LastManOnEarth https://t.co/eyDZUvSrQm,79
0.0,Sun Mar 25 21:00:00 +0000 2018,FOX,1.0,0.0,0.0,When #TheSimpsons is on. üëÄ See ya tonight at 8/7c. https://t.co/VPxSLTozxl,80
0.6486,Thu Mar 29 01:21:51 +0000 2018,FOX,0.706,0.063,0.231,RT @ShowtimeApollo: This week‚Äôs talent will have you texting and calling your friends. Don‚Äôt miss an all-new episode of #ShowtimeApollo TOM‚Ä¶,81
0.0,Thu Mar 29 00:02:00 +0000 2018,FOX,1.0,0.0,0.0,The üëè girls üëè are üëè back üëè ‚Äî TONIGHT at 9/8c. #STAR https://t.co/ACg5bpWS9W,82
0.0,Wed Mar 28 23:45:34 +0000 2018,FOX,1.0,0.0,0.0,"RT @TwitterTV: Talk @EmpireFOX before the episode airs.

Watch the #EmpirePreShow right here. üëá

https://t.co/zb97km0uiT",83
0.0,Wed Mar 28 23:45:09 +0000 2018,FOX,1.0,0.0,0.0,RT @LAtoVegasFOX: ...And you can take that to Church. #LAtoVegas https://t.co/4BmOGPzIIi,84
0.0,Wed Mar 28 23:17:14 +0000 2018,FOX,1.0,0.0,0.0,RT @MasterChefJrFOX: Is your family a foodie family? Show us how you and your kids cook in the kitchen by using the hashtag #MCJatHome and‚Ä¶,85
0.2103,Wed Mar 28 20:32:00 +0000 2018,FOX,0.599,0.173,0.228,An embarrassing school dance with #TheMick? HECK YES. #BTS https://t.co/gGk2BVlxyP https://t.co/WuaxEIOtw0,86
0.0,Wed Mar 28 18:25:40 +0000 2018,FOX,1.0,0.0,0.0,RT @ShowtimeApollo: Can Robert Lamberti live up to George Michael‚Äôs legacy? Watch #ShowtimeApollo this Thursday on @FOXTV! https://t.co/7HW‚Ä¶,87
0.6696,Wed Mar 28 18:25:30 +0000 2018,FOX,0.791,0.0,0.209,"RT @LoveConnection: Love is in bloom this spring! üíïüåπ @Andy returns to host #LoveConnection, premiering May 29. https://t.co/7VsGi7oDDW",88
0.0,Wed Mar 28 18:25:22 +0000 2018,FOX,1.0,0.0,0.0,RT @DANCEonFOX: Surround yourself with people who will lift you higher! üëØ #WednesdayWisdom #SYTYCD https://t.co/ZF35GhBGI3,89
0.0,Wed Mar 28 16:04:00 +0000 2018,FOX,1.0,0.0,0.0,"Bring your sunnies, 'cause it's gonna get shady tonight. üòé #Empire is back at 8/7c! https://t.co/hzIWmHvPIl",90
0.4843,Wed Mar 28 13:09:00 +0000 2018,FOX,0.726,0.0,0.274,Don't miss out on a party of biblical proportions. Stream #LAtoVegas now: https://t.co/nfqVfhytVZ https://t.co/BqbGNkXZFE,91
0.0,Wed Mar 28 00:00:01 +0000 2018,FOX,1.0,0.0,0.0,When you start a new diet. #Gotham https://t.co/NSqyaStoqc,92
0.0,Tue Mar 27 22:06:00 +0000 2018,FOX,1.0,0.0,0.0,Ask and you shall receive. #TheMick is all-new tonight at 9:30/8:30c. https://t.co/mtnW4eMrVd,93
0.0,Tue Mar 27 16:05:00 +0000 2018,FOX,1.0,0.0,0.0,THE queen is back TOMORROW at 8/7c. üç™ #Empire https://t.co/Ozt5Q8vq9E,94
0.0772,Tue Mar 27 14:30:46 +0000 2018,FOX,0.909,0.0,0.091,We know you want to hang with the üòà. Watch #Lucifer here: https://t.co/h5bo0Rssi1 https://t.co/ATzlGP0wH2,95
0.3252,Mon Mar 26 23:07:00 +0000 2018,FOX,0.75,0.0,0.25,You're not gonna regret watching #Brooklyn99: https://t.co/8TLAOpmS6S https://t.co/0f6a4lTkd9,96
0.5423,Mon Mar 26 20:00:03 +0000 2018,FOX,0.769,0.0,0.231,"It's Bob's Barber now. Dad jokes aside, this episode of #BobsBurgers is shear comedy gold. ‚úÇÔ∏è‚Ä¶ https://t.co/AHVVO96D4q",97
0.0,Mon Mar 26 16:15:00 +0000 2018,FOX,1.0,0.0,0.0,When there's a new episode of #FamilyGuy to watch. https://t.co/sNcLVmWGqd https://t.co/YVXj73DzB3,98
0.3182,Mon Mar 26 13:30:00 +0000 2018,FOX,0.635,0.0,0.365,Live your truth. #LastManOnEarth https://t.co/eyDZUvSrQm,99
0.0,Sun Mar 25 21:00:00 +0000 2018,FOX,1.0,0.0,0.0,When #TheSimpsons is on. üëÄ See ya tonight at 8/7c. https://t.co/VPxSLTozxl,100
-0.6908,Thu Mar 29 08:45:03 +0000 2018,The New York Times,0.729,0.271,0.0,"An emergency medical worker who was exposed to the nerve agent became ill after going to Sergei Skripal's house, su‚Ä¶ https://t.co/CFibQllrCU",1
0.0,Thu Mar 29 08:30:08 +0000 2018,The New York Times,1.0,0.0,0.0,"Malala Yousafzai, the Pakistani activist for girls‚Äô education, returned to Pakistan in her first visit since an att‚Ä¶ https://t.co/LlfYLCzQ58",2
0.6908,Thu Mar 29 08:14:03 +0000 2018,The New York Times,0.737,0.0,0.263,"Thousands gathered in Paris to honor Mireille Knoll, an 85-year-old grandmother and Holocaust survivor who was murd‚Ä¶ https://t.co/qKALIjEMpJ",3
-0.296,Thu Mar 29 08:02:06 +0000 2018,The New York Times,0.845,0.155,0.0,All the major firings and resignations in the Trump administration ‚Äî so far https://t.co/WKFrMOOi2e,4
-0.5423,Thu Mar 29 07:47:05 +0000 2018,The New York Times,0.829,0.171,0.0,A Nazi-era law makes it a crime for German doctors to publicly advertise that they perform abortions. One gynecolog‚Ä¶ https://t.co/hMpDzvBXg6,5
-0.6369,Thu Mar 29 07:32:06 +0000 2018,The New York Times,0.792,0.208,0.0,"The traditional Cambodian hatred of the ethnic Vietnamese is ""almost pathological."" As a result, the ethnic Vietnam‚Ä¶ https://t.co/YnvHmoSf88",6
0.0,Thu Mar 29 07:26:50 +0000 2018,The New York Times,1.0,0.0,0.0,North and South Korea Set a Date for Summit Meeting at Border https://t.co/OzOT8xXWRt,7
0.3612,Thu Mar 29 07:17:07 +0000 2018,The New York Times,0.646,0.138,0.215,"RT @nytimesworld: ‚ÄúShe survived the Holocaust last century, I think she had a happy life, and yet she was killed at home in 2018, frail, an‚Ä¶",8
0.6808,Thu Mar 29 07:08:18 +0000 2018,The New York Times,0.556,0.0,0.444,5 Cheap(ish) Things to Help You Become a Better Baker https://t.co/3DEGbcF9IT,9
-0.6619,Thu Mar 29 07:02:05 +0000 2018,The New York Times,0.531,0.318,0.151,"A waiter was fired for being combative, aggressive and something of a bully. His defense? He‚Äôs not rude. He‚Äôs Frenc‚Ä¶ https://t.co/HcN22Hi1zA",10
0.6249,Thu Mar 29 06:31:05 +0000 2018,The New York Times,0.83,0.0,0.17,RT @nytimesworld: Which makes sense? a) Pirate ships in a landlocked country; b) a 47-foot-high statue of Alexander the Great; c) a house d‚Ä¶,11
0.0,Thu Mar 29 05:59:27 +0000 2018,The New York Times,1.0,0.0,0.0,"Archaeologists believe the 13,000-year-old human footprints to be the earliest found so far in North America https://t.co/E0yEBAuT7n",12
0.2023,Thu Mar 29 05:41:06 +0000 2018,The New York Times,0.917,0.0,0.083,"RT @NYTmag: Floating villages spread across the surface of the Mekong River‚Äôs waterways, playing host to ethnic Vietnamese whose status in‚Ä¶",13
0.4404,Thu Mar 29 05:21:04 +0000 2018,The New York Times,0.756,0.0,0.244,"These arctic foxes turned ""blue."" It was a good thing. https://t.co/PA6vz2GcCr",14
0.0,Thu Mar 29 05:02:02 +0000 2018,The New York Times,1.0,0.0,0.0,2 Texas oil companies joined forces in the biggest deal yet in the Southwestern oil patch https://t.co/iLzaXURm1T,15
-0.7778,Thu Mar 29 04:41:06 +0000 2018,The New York Times,0.533,0.393,0.074,RT @EricSchmittNYT: American drone strike in Libya kills top Qaeda recruiter and official warns of more attacks  https://t.co/nrGvlVj6l2,16
0.0,Thu Mar 29 04:21:04 +0000 2018,The New York Times,1.0,0.0,0.0,"Steven Spielberg ""is the only person who could have made this movie and the last person who should have been allowe‚Ä¶ https://t.co/m9H7reZA3R",17
0.0,Thu Mar 29 04:08:47 +0000 2018,The New York Times,1.0,0.0,0.0,"Anbang Was Seized by China. Now, It Has a Deal for You. https://t.co/3ZEHUjWgat",18
0.7783,Thu Mar 29 04:02:02 +0000 2018,The New York Times,0.672,0.0,0.328,RT @maggieNYT: Trump called a supporter with a large megaphone - @therealroseanne - to thank her and congratulate her after the Roseanne re‚Ä¶,19
0.2263,Thu Mar 29 03:54:55 +0000 2018,The New York Times,0.395,0.249,0.356,"Mireille Knoll, Murdered Holocaust Survivor, Is Honored in Paris https://t.co/CK02eLDlje",20
-0.6908,Thu Mar 29 08:45:03 +0000 2018,The New York Times,0.729,0.271,0.0,"An emergency medical worker who was exposed to the nerve agent became ill after going to Sergei Skripal's house, su‚Ä¶ https://t.co/CFibQllrCU",21
0.0,Thu Mar 29 08:30:08 +0000 2018,The New York Times,1.0,0.0,0.0,"Malala Yousafzai, the Pakistani activist for girls‚Äô education, returned to Pakistan in her first visit since an att‚Ä¶ https://t.co/LlfYLCzQ58",22
0.6908,Thu Mar 29 08:14:03 +0000 2018,The New York Times,0.737,0.0,0.263,"Thousands gathered in Paris to honor Mireille Knoll, an 85-year-old grandmother and Holocaust survivor who was murd‚Ä¶ https://t.co/qKALIjEMpJ",23
-0.296,Thu Mar 29 08:02:06 +0000 2018,The New York Times,0.845,0.155,0.0,All the major firings and resignations in the Trump administration ‚Äî so far https://t.co/WKFrMOOi2e,24
-0.5423,Thu Mar 29 07:47:05 +0000 2018,The New York Times,0.829,0.171,0.0,A Nazi-era law makes it a crime for German doctors to publicly advertise that they perform abortions. One gynecolog‚Ä¶ https://t.co/hMpDzvBXg6,25
-0.6369,Thu Mar 29 07:32:06 +0000 2018,The New York Times,0.792,0.208,0.0,"The traditional Cambodian hatred of the ethnic Vietnamese is ""almost pathological."" As a result, the ethnic Vietnam‚Ä¶ https://t.co/YnvHmoSf88",26
0.0,Thu Mar 29 07:26:50 +0000 2018,The New York Times,1.0,0.0,0.0,North and South Korea Set a Date for Summit Meeting at Border https://t.co/OzOT8xXWRt,27
0.3612,Thu Mar 29 07:17:07 +0000 2018,The New York Times,0.646,0.138,0.215,"RT @nytimesworld: ‚ÄúShe survived the Holocaust last century, I think she had a happy life, and yet she was killed at home in 2018, frail, an‚Ä¶",28
0.6808,Thu Mar 29 07:08:18 +0000 2018,The New York Times,0.556,0.0,0.444,5 Cheap(ish) Things to Help You Become a Better Baker https://t.co/3DEGbcF9IT,29
-0.6619,Thu Mar 29 07:02:05 +0000 2018,The New York Times,0.531,0.318,0.151,"A waiter was fired for being combative, aggressive and something of a bully. His defense? He‚Äôs not rude. He‚Äôs Frenc‚Ä¶ https://t.co/HcN22Hi1zA",30
0.6249,Thu Mar 29 06:31:05 +0000 2018,The New York Times,0.83,0.0,0.17,RT @nytimesworld: Which makes sense? a) Pirate ships in a landlocked country; b) a 47-foot-high statue of Alexander the Great; c) a house d‚Ä¶,31
0.0,Thu Mar 29 05:59:27 +0000 2018,The New York Times,1.0,0.0,0.0,"Archaeologists believe the 13,000-year-old human footprints to be the earliest found so far in North America https://t.co/E0yEBAuT7n",32
0.2023,Thu Mar 29 05:41:06 +0000 2018,The New York Times,0.917,0.0,0.083,"RT @NYTmag: Floating villages spread across the surface of the Mekong River‚Äôs waterways, playing host to ethnic Vietnamese whose status in‚Ä¶",33
0.4404,Thu Mar 29 05:21:04 +0000 2018,The New York Times,0.756,0.0,0.244,"These arctic foxes turned ""blue."" It was a good thing. https://t.co/PA6vz2GcCr",34
0.0,Thu Mar 29 05:02:02 +0000 2018,The New York Times,1.0,0.0,0.0,2 Texas oil companies joined forces in the biggest deal yet in the Southwestern oil patch https://t.co/iLzaXURm1T,35
-0.7778,Thu Mar 29 04:41:06 +0000 2018,The New York Times,0.533,0.393,0.074,RT @EricSchmittNYT: American drone strike in Libya kills top Qaeda recruiter and official warns of more attacks  https://t.co/nrGvlVj6l2,36
0.0,Thu Mar 29 04:21:04 +0000 2018,The New York Times,1.0,0.0,0.0,"Steven Spielberg ""is the only person who could have made this movie and the last person who should have been allowe‚Ä¶ https://t.co/m9H7reZA3R",37
0.0,Thu Mar 29 04:08:47 +0000 2018,The New York Times,1.0,0.0,0.0,"Anbang Was Seized by China. Now, It Has a Deal for You. https://t.co/3ZEHUjWgat",38
0.7783,Thu Mar 29 04:02:02 +0000 2018,The New York Times,0.672,0.0,0.328,RT @maggieNYT: Trump called a supporter with a large megaphone - @therealroseanne - to thank her and congratulate her after the Roseanne re‚Ä¶,39
0.2263,Thu Mar 29 03:54:55 +0000 2018,The New York Times,0.395,0.249,0.356,"Mireille Knoll, Murdered Holocaust Survivor, Is Honored in Paris https://t.co/CK02eLDlje",40
-0.6908,Thu Mar 29 08:45:03 +0000 2018,The New York Times,0.729,0.271,0.0,"An emergency medical worker who was exposed to the nerve agent became ill after going to Sergei Skripal's house, su‚Ä¶ https://t.co/CFibQllrCU",41
0.0,Thu Mar 29 08:30:08 +0000 2018,The New York Times,1.0,0.0,0.0,"Malala Yousafzai, the Pakistani activist for girls‚Äô education, returned to Pakistan in her first visit since an att‚Ä¶ https://t.co/LlfYLCzQ58",42
0.6908,Thu Mar 29 08:14:03 +0000 2018,The New York Times,0.737,0.0,0.263,"Thousands gathered in Paris to honor Mireille Knoll, an 85-year-old grandmother and Holocaust survivor who was murd‚Ä¶ https://t.co/qKALIjEMpJ",43
-0.296,Thu Mar 29 08:02:06 +0000 2018,The New York Times,0.845,0.155,0.0,All the major firings and resignations in the Trump administration ‚Äî so far https://t.co/WKFrMOOi2e,44
-0.5423,Thu Mar 29 07:47:05 +0000 2018,The New York Times,0.829,0.171,0.0,A Nazi-era law makes it a crime for German doctors to publicly advertise that they perform abortions. One gynecolog‚Ä¶ https://t.co/hMpDzvBXg6,45
-0.6369,Thu Mar 29 07:32:06 +0000 2018,The New York Times,0.792,0.208,0.0,"The traditional Cambodian hatred of the ethnic Vietnamese is ""almost pathological."" As a result, the ethnic Vietnam‚Ä¶ https://t.co/YnvHmoSf88",46
0.0,Thu Mar 29 07:26:50 +0000 2018,The New York Times,1.0,0.0,0.0,North and South Korea Set a Date for Summit Meeting at Border https://t.co/OzOT8xXWRt,47
0.3612,Thu Mar 29 07:17:07 +0000 2018,The New York Times,0.646,0.138,0.215,"RT @nytimesworld: ‚ÄúShe survived the Holocaust last century, I think she had a happy life, and yet she was killed at home in 2018, frail, an‚Ä¶",48
0.6808,Thu Mar 29 07:08:18 +0000 2018,The New York Times,0.556,0.0,0.444,5 Cheap(ish) Things to Help You Become a Better Baker https://t.co/3DEGbcF9IT,49
-0.6619,Thu Mar 29 07:02:05 +0000 2018,The New York Times,0.531,0.318,0.151,"A waiter was fired for being combative, aggressive and something of a bully. His defense? He‚Äôs not rude. He‚Äôs Frenc‚Ä¶ https://t.co/HcN22Hi1zA",50
0.6249,Thu Mar 29 06:31:05 +0000 2018,The New York Times,0.83,0.0,0.17,RT @nytimesworld: Which makes sense? a) Pirate ships in a landlocked country; b) a 47-foot-high statue of Alexander the Great; c) a house d‚Ä¶,51
0.0,Thu Mar 29 05:59:27 +0000 2018,The New York Times,1.0,0.0,0.0,"Archaeologists believe the 13,000-year-old human footprints to be the earliest found so far in North America https://t.co/E0yEBAuT7n",52
0.2023,Thu Mar 29 05:41:06 +0000 2018,The New York Times,0.917,0.0,0.083,"RT @NYTmag: Floating villages spread across the surface of the Mekong River‚Äôs waterways, playing host to ethnic Vietnamese whose status in‚Ä¶",53
0.4404,Thu Mar 29 05:21:04 +0000 2018,The New York Times,0.756,0.0,0.244,"These arctic foxes turned ""blue."" It was a good thing. https://t.co/PA6vz2GcCr",54
0.0,Thu Mar 29 05:02:02 +0000 2018,The New York Times,1.0,0.0,0.0,2 Texas oil companies joined forces in the biggest deal yet in the Southwestern oil patch https://t.co/iLzaXURm1T,55
-0.7778,Thu Mar 29 04:41:06 +0000 2018,The New York Times,0.533,0.393,0.074,RT @EricSchmittNYT: American drone strike in Libya kills top Qaeda recruiter and official warns of more attacks  https://t.co/nrGvlVj6l2,56
0.0,Thu Mar 29 04:21:04 +0000 2018,The New York Times,1.0,0.0,0.0,"Steven Spielberg ""is the only person who could have made this movie and the last person who should have been allowe‚Ä¶ https://t.co/m9H7reZA3R",57
0.0,Thu Mar 29 04:08:47 +0000 2018,The New York Times,1.0,0.0,0.0,"Anbang Was Seized by China. Now, It Has a Deal for You. https://t.co/3ZEHUjWgat",58
0.7783,Thu Mar 29 04:02:02 +0000 2018,The New York Times,0.672,0.0,0.328,RT @maggieNYT: Trump called a supporter with a large megaphone - @therealroseanne - to thank her and congratulate her after the Roseanne re‚Ä¶,59
0.2263,Thu Mar 29 03:54:55 +0000 2018,The New York Times,0.395,0.249,0.356,"Mireille Knoll, Murdered Holocaust Survivor, Is Honored in Paris https://t.co/CK02eLDlje",60
-0.6908,Thu Mar 29 08:45:03 +0000 2018,The New York Times,0.729,0.271,0.0,"An emergency medical worker who was exposed to the nerve agent became ill after going to Sergei Skripal's house, su‚Ä¶ https://t.co/CFibQllrCU",61
0.0,Thu Mar 29 08:30:08 +0000 2018,The New York Times,1.0,0.0,0.0,"Malala Yousafzai, the Pakistani activist for girls‚Äô education, returned to Pakistan in her first visit since an att‚Ä¶ https://t.co/LlfYLCzQ58",62
0.6908,Thu Mar 29 08:14:03 +0000 2018,The New York Times,0.737,0.0,0.263,"Thousands gathered in Paris to honor Mireille Knoll, an 85-year-old grandmother and Holocaust survivor who was murd‚Ä¶ https://t.co/qKALIjEMpJ",63
-0.296,Thu Mar 29 08:02:06 +0000 2018,The New York Times,0.845,0.155,0.0,All the major firings and resignations in the Trump administration ‚Äî so far https://t.co/WKFrMOOi2e,64
-0.5423,Thu Mar 29 07:47:05 +0000 2018,The New York Times,0.829,0.171,0.0,A Nazi-era law makes it a crime for German doctors to publicly advertise that they perform abortions. One gynecolog‚Ä¶ https://t.co/hMpDzvBXg6,65
-0.6369,Thu Mar 29 07:32:06 +0000 2018,The New York Times,0.792,0.208,0.0,"The traditional Cambodian hatred of the ethnic Vietnamese is ""almost pathological."" As a result, the ethnic Vietnam‚Ä¶ https://t.co/YnvHmoSf88",66
0.0,Thu Mar 29 07:26:50 +0000 2018,The New York Times,1.0,0.0,0.0,North and South Korea Set a Date for Summit Meeting at Border https://t.co/OzOT8xXWRt,67
0.3612,Thu Mar 29 07:17:07 +0000 2018,The New York Times,0.646,0.138,0.215,"RT @nytimesworld: ‚ÄúShe survived the Holocaust last century, I think she had a happy life, and yet she was killed at home in 2018, frail, an‚Ä¶",68
0.6808,Thu Mar 29 07:08:18 +0000 2018,The New York Times,0.556,0.0,0.444,5 Cheap(ish) Things to Help You Become a Better Baker https://t.co/3DEGbcF9IT,69
-0.6619,Thu Mar 29 07:02:05 +0000 2018,The New York Times,0.531,0.318,0.151,"A waiter was fired for being combative, aggressive and something of a bully. His defense? He‚Äôs not rude. He‚Äôs Frenc‚Ä¶ https://t.co/HcN22Hi1zA",70
0.6249,Thu Mar 29 06:31:05 +0000 2018,The New York Times,0.83,0.0,0.17,RT @nytimesworld: Which makes sense? a) Pirate ships in a landlocked country; b) a 47-foot-high statue of Alexander the Great; c) a house d‚Ä¶,71
0.0,Thu Mar 29 05:59:27 +0000 2018,The New York Times,1.0,0.0,0.0,"Archaeologists believe the 13,000-year-old human footprints to be the earliest found so far in North America https://t.co/E0yEBAuT7n",72
0.2023,Thu Mar 29 05:41:06 +0000 2018,The New York Times,0.917,0.0,0.083,"RT @NYTmag: Floating villages spread across the surface of the Mekong River‚Äôs waterways, playing host to ethnic Vietnamese whose status in‚Ä¶",73
0.4404,Thu Mar 29 05:21:04 +0000 2018,The New York Times,0.756,0.0,0.244,"These arctic foxes turned ""blue."" It was a good thing. https://t.co/PA6vz2GcCr",74
0.0,Thu Mar 29 05:02:02 +0000 2018,The New York Times,1.0,0.0,0.0,2 Texas oil companies joined forces in the biggest deal yet in the Southwestern oil patch https://t.co/iLzaXURm1T,75
-0.7778,Thu Mar 29 04:41:06 +0000 2018,The New York Times,0.533,0.393,0.074,RT @EricSchmittNYT: American drone strike in Libya kills top Qaeda recruiter and official warns of more attacks  https://t.co/nrGvlVj6l2,76
0.0,Thu Mar 29 04:21:04 +0000 2018,The New York Times,1.0,0.0,0.0,"Steven Spielberg ""is the only person who could have made this movie and the last person who should have been allowe‚Ä¶ https://t.co/m9H7reZA3R",77
0.0,Thu Mar 29 04:08:47 +0000 2018,The New York Times,1.0,0.0,0.0,"Anbang Was Seized by China. Now, It Has a Deal for You. https://t.co/3ZEHUjWgat",78
0.7783,Thu Mar 29 04:02:02 +0000 2018,The New York Times,0.672,0.0,0.328,RT @maggieNYT: Trump called a supporter with a large megaphone - @therealroseanne - to thank her and congratulate her after the Roseanne re‚Ä¶,79
0.2263,Thu Mar 29 03:54:55 +0000 2018,The New York Times,0.395,0.249,0.356,"Mireille Knoll, Murdered Holocaust Survivor, Is Honored in Paris https://t.co/CK02eLDlje",80
-0.6908,Thu Mar 29 08:45:03 +0000 2018,The New York Times,0.729,0.271,0.0,"An emergency medical worker who was exposed to the nerve agent became ill after going to Sergei Skripal's house, su‚Ä¶ https://t.co/CFibQllrCU",81
0.0,Thu Mar 29 08:30:08 +0000 2018,The New York Times,1.0,0.0,0.0,"Malala Yousafzai, the Pakistani activist for girls‚Äô education, returned to Pakistan in her first visit since an att‚Ä¶ https://t.co/LlfYLCzQ58",82
0.6908,Thu Mar 29 08:14:03 +0000 2018,The New York Times,0.737,0.0,0.263,"Thousands gathered in Paris to honor Mireille Knoll, an 85-year-old grandmother and Holocaust survivor who was murd‚Ä¶ https://t.co/qKALIjEMpJ",83
-0.296,Thu Mar 29 08:02:06 +0000 2018,The New York Times,0.845,0.155,0.0,All the major firings and resignations in the Trump administration ‚Äî so far https://t.co/WKFrMOOi2e,84
-0.5423,Thu Mar 29 07:47:05 +0000 2018,The New York Times,0.829,0.171,0.0,A Nazi-era law makes it a crime for German doctors to publicly advertise that they perform abortions. One gynecolog‚Ä¶ https://t.co/hMpDzvBXg6,85
-0.6369,Thu Mar 29 07:32:06 +0000 2018,The New York Times,0.792,0.208,0.0,"The traditional Cambodian hatred of the ethnic Vietnamese is ""almost pathological."" As a result, the ethnic Vietnam‚Ä¶ https://t.co/YnvHmoSf88",86
0.0,Thu Mar 29 07:26:50 +0000 2018,The New York Times,1.0,0.0,0.0,North and South Korea Set a Date for Summit Meeting at Border https://t.co/OzOT8xXWRt,87
0.3612,Thu Mar 29 07:17:07 +0000 2018,The New York Times,0.646,0.138,0.215,"RT @nytimesworld: ‚ÄúShe survived the Holocaust last century, I think she had a happy life, and yet she was killed at home in 2018, frail, an‚Ä¶",88
0.6808,Thu Mar 29 07:08:18 +0000 2018,The New York Times,0.556,0.0,0.444,5 Cheap(ish) Things to Help You Become a Better Baker https://t.co/3DEGbcF9IT,89
-0.6619,Thu Mar 29 07:02:05 +0000 2018,The New York Times,0.531,0.318,0.151,"A waiter was fired for being combative, aggressive and something of a bully. His defense? He‚Äôs not rude. He‚Äôs Frenc‚Ä¶ https://t.co/HcN22Hi1zA",90
0.6249,Thu Mar 29 06:31:05 +0000 2018,The New York Times,0.83,0.0,0.17,RT @nytimesworld: Which makes sense? a) Pirate ships in a landlocked country; b) a 47-foot-high statue of Alexander the Great; c) a house d‚Ä¶,91
0.0,Thu Mar 29 05:59:27 +0000 2018,The New York Times,1.0,0.0,0.0,"Archaeologists believe the 13,000-year-old human footprints to be the earliest found so far in North America https://t.co/E0yEBAuT7n",92
0.2023,Thu Mar 29 05:41:06 +0000 2018,The New York Times,0.917,0.0,0.083,"RT @NYTmag: Floating villages spread across the surface of the Mekong River‚Äôs waterways, playing host to ethnic Vietnamese whose status in‚Ä¶",93
0.4404,Thu Mar 29 05:21:04 +0000 2018,The New York Times,0.756,0.0,0.244,"These arctic foxes turned ""blue."" It was a good thing. https://t.co/PA6vz2GcCr",94
0.0,Thu Mar 29 05:02:02 +0000 2018,The New York Times,1.0,0.0,0.0,2 Texas oil companies joined forces in the biggest deal yet in the Southwestern oil patch https://t.co/iLzaXURm1T,95
-0.7778,Thu Mar 29 04:41:06 +0000 2018,The New York Times,0.533,0.393,0.074,RT @EricSchmittNYT: American drone strike in Libya kills top Qaeda recruiter and official warns of more attacks  https://t.co/nrGvlVj6l2,96
0.0,Thu Mar 29 04:21:04 +0000 2018,The New York Times,1.0,0.0,0.0,"Steven Spielberg ""is the only person who could have made this movie and the last person who should have been allowe‚Ä¶ https://t.co/m9H7reZA3R",97
0.0,Thu Mar 29 04:08:47 +0000 2018,The New York Times,1.0,0.0,0.0,"Anbang Was Seized by China. Now, It Has a Deal for You. https://t.co/3ZEHUjWgat",98
0.7783,Thu Mar 29 04:02:02 +0000 2018,The New York Times,0.672,0.0,0.328,RT @maggieNYT: Trump called a supporter with a large megaphone - @therealroseanne - to thank her and congratulate her after the Roseanne re‚Ä¶,99
0.2263,Thu Mar 29 03:54:55 +0000 2018,The New York Times,0.395,0.249,0.356,"Mireille Knoll, Murdered Holocaust Survivor, Is Honored in Paris https://t.co/CK02eLDlje",100
